index,query,gold_chunk_ids,hybrid_hit_at_1,hybrid_hit_at_5,base_rerank_hit_at_1,base_rerank_hit_at_5,finetuned_rerank_hit_at_1,finetuned_rerank_hit_at_5
0,Genel hukuk / sınıflandırma bekliyor alanında Türkiye den günlük erişimi milyondan konusunda Türkiye den günlük erişimi milyondan fazla sosyal sağlayıcılarının ifadesi ORICON kaynağına göre nasıl açıklanır?,oricon_genel_001293,True,True,True,True,True,True
1,Medeni Hukuk - Miras/Aile/Eşya/Kişiler alanında Resmi vasiyetname düzenleyen kişi konusunda Resmi vasiyetname düzenleyen kişi yeni ölüme bağlı tasarruf ifadesi ORICON kaynağına göre nasıl açıklanır?,oricon_medeni_000093,True,True,True,True,True,True
2,Ticaret Hukuku alanında Yurt dışında bulunanlara tebliğ işlemi konusunda Yurt dışında bulunanlara tebliğ işlemi ülkenin yetkili makamları ifadesi ORICON kaynağına göre nasıl açıklanır?,oricon_ticaret_000252,True,True,True,True,True,True
3,Genel hukuk / sınıflandırma bekliyor alanında ceza konusunda Adli para cezasının ödenmemesi durumunda para cezası doğrudan ifadesi ORICON kaynağına göre nasıl açıklanır?,oricon_genel_000840,True,True,False,True,False,True
4,Genel hukuk / sınıflandırma bekliyor alanında Yargıtay konusunda Yargıtay paydaşlar arasında herhangi harici taksim olmaması durumunda ifadesi ORICON kaynağına göre nasıl açıklanır?,oricon_genel_001627,True,True,True,True,True,True
5,İcra ve İflas Hukuku alanında Yeterli delil bulunmaması konusunda Yeterli delil bulunmaması durumunda savcılık takipsizlik kararı verir ifadesi ORICON kaynağına göre nasıl açıklanır?,oricon_icra_iflas_000114,False,True,False,True,True,True
6,Genel hukuk / sınıflandırma bekliyor alanında Birden fazla para türünün aynı konusunda Birden fazla para türünün aynı derecede gösterilmesi mümkün ifadesi ORICON kaynağına göre nasıl açıklanır?,oricon_genel_000367,True,True,False,True,True,True
7,Borçlar ve Sözleşmeler Hukuku alanında Yurt dışında düzenlenen vekaletname işlem konusunda Yurt dışında düzenlenen vekaletname işlem yapılması durumunda vekaletnamenin ifadesi ORICON kaynağına göre nasıl açıklanır?,oricon_borclar_000331,True,True,True,True,True,True
8,Ticaret Hukuku; Medeni Hukuk - Miras/Aile/Eşya/Kişiler alanında Sözlü vasiyetnamenin yapılabilmesi konusunda Sözlü vasiyetnamenin yapılabilmesi yakın ölüm tehlikesi ulaşımın kesilmesi ifadesi ORICON kaynağına göre nasıl açıklanır?,oricon_ticaret_medeni_000010,True,True,False,True,True,True
9,İdare ve İdari Yargılama Hukuku alanında Belli istekliler arasında ihale usulünde konusunda Belli istekliler arasında ihale usulünde teklif verebilmek yeterlik ifadesi ORICON kaynağına göre nasıl açıklanır?,oricon_idare_000142,True,True,True,True,True,True
10,Genel hukuk / sınıflandırma bekliyor alanında basın iş kanunu konusunda Basın İş Kanununa günlük yayın yapan işyerinde çalışan ifadesi ORICON kaynağına göre nasıl açıklanır?,oricon_genel_000584,True,True,True,True,True,True
11,Genel hukuk / sınıflandırma bekliyor alanında Kıymet takdir komisyonunun belirlediği bedel konusunda Kıymet takdir komisyonunun belirlediği bedel koyma kararına karşı ifadesi ORICON kaynağına göre nasıl açıklanır?,oricon_genel_001160,True,True,False,True,True,True
12,Ticaret Hukuku alanında ceza konusunda Karşılıksız çek düzenleme adli para cezası çek düzenleme ifadesi ORICON kaynağına göre nasıl açıklanır?,oricon_ticaret_000317,True,True,True,True,True,True
13,Ticaret Hukuku alanında Tescil davası konusunda Tescil davası geminin kayıtlı olduğu kaydedilmesi gereken sicil ifadesi ORICON kaynağına göre nasıl açıklanır?,oricon_ticaret_000104,True,True,True,True,True,True
14,Genel hukuk / sınıflandırma bekliyor alanında Dava masrafları arasında posta masrafları konusunda Dava masrafları arasında posta masrafları bilirkişi ücreti keşif ifadesi ORICON kaynağına göre nasıl açıklanır?,oricon_genel_001536,True,True,False,True,True,True
15,Medeni Hukuk - Miras/Aile/Eşya/Kişiler alanında nafaka konusunda Çocukların durumu anlaşmanın önemi çocuğun velayetinin kimde kalacağı ifadesi ORICON kaynağına göre nasıl açıklanır?,oricon_medeni_000666,True,True,True,True,True,True
16,Genel hukuk / sınıflandırma bekliyor alanında H kim konusunda akıl hastalığı durumunu değerlendirirken hastalığın dışarı yansıyan görünümlerini ifadesi ORICON kaynağına göre nasıl açıklanır?,oricon_genel_001810,True,True,True,True,True,True
17,Genel hukuk / sınıflandırma bekliyor alanında Vekilin sorumluluklarına aykırı hareket etmesi konusunda Vekilin sorumluluklarına aykırı hareket etmesi durumunda vek let ifadesi ORICON kaynağına göre nasıl açıklanır?,oricon_genel_001526,True,True,True,True,True,True
18,İdare ve İdari Yargılama Hukuku alanında idari işlem konusunda İdari işlemden kaynaklanan istirdat davalarında idareye başvuru zorunluluğu ifadesi ORICON kaynağına göre nasıl açıklanır?,oricon_idare_000168,True,True,True,True,True,True
19,İcra ve İflas Hukuku alanında Ölülerin yakılması konusunda Ölülerin yakılması fırın yaptırmak isteyen belediyelerin öncelikle Sıhhat ifadesi ORICON kaynağına göre nasıl açıklanır?,oricon_icra_iflas_000101,True,True,True,True,True,True
20,Borçlar ve Sözleşmeler Hukuku; Medeni Hukuk - Miras/Aile/Eşya/Kişiler alanında sözleşme konusunda Birleşmiş Milletler Çocuk Hakları Sözleşmesi çocuğun yüksek menfaati ifadesi ORICON kaynağına göre nasıl açıklanır?,oricon_borclar_medeni_000112,True,True,True,True,True,True
21,İdare ve İdari Yargılama Hukuku; Medeni Hukuk - Miras/Aile/Eşya/Kişiler alanında tahliye konusunda Yeniden inşa imar nedeniyle tahliye durumunda taşınmazın esaslı ifadesi ORICON kaynağına göre nasıl açıklanır?,oricon_idare_medeni_000074,True,True,True,True,True,True
22,Borçlar ve Sözleşmeler Hukuku alanında İcranın geri bırakılması prosedüründe teminatın konusunda İcranın geri bırakılması prosedüründe teminatın önemi borçlunun borcunu ifadesi ORICON kaynağına göre nasıl açıklanır?,oricon_borclar_000055,True,True,True,True,True,True
23,Medeni Hukuk - Miras/Aile/Eşya/Kişiler alanında Mahkeme konusunda Mahkeme taşınmazın yola ihtiyacı olup olmadığını önceki mülkiyet ifadesi ORICON kaynağına göre nasıl açıklanır?,oricon_medeni_000504,True,True,True,True,True,True
24,Genel hukuk / sınıflandırma bekliyor alanında İbraz talebini içeren yazının mükellefe konusunda İbraz talebini içeren yazının mükellefe tebliğ edilmesi ibrazın ifadesi ORICON kaynağına göre nasıl açıklanır?,oricon_genel_000315,True,True,True,True,True,True
25,Medeni Hukuk - Miras/Aile/Eşya/Kişiler alanında H kim konusunda altı aylık beş yıllık hak düşürücü süreleri eşler ifadesi ORICON kaynağına göre nasıl açıklanır?,oricon_medeni_000688,True,True,False,True,True,True
26,Ceza Hukuku alanında ceza konusunda Taahhüdü ihlal suçunun ceza zamanaşımı süresi kararın kesinleşmesinden ifadesi ORICON kaynağına göre nasıl açıklanır?,oricon_ceza_000102,True,True,True,True,True,True
27,Genel hukuk / sınıflandırma bekliyor alanında Kamu düzenine aykırılık açıkça kanunda konusunda Kamu düzenine aykırılık açıkça kanunda düzenlenmemiş olup net ifadesi ORICON kaynağına göre nasıl açıklanır?,oricon_genel_000663,True,True,True,True,True,True
28,Genel hukuk / sınıflandırma bekliyor alanında Yargıtay konusunda Yargıtay hesap devrelerinin süresinin aydan kısa kararlaştırılamayacağına karar ifadesi ORICON kaynağına göre nasıl açıklanır?,oricon_genel_001461,True,True,True,True,True,True
29,Ticaret Hukuku; Borçlar ve Sözleşmeler Hukuku alanında kira bedeli konusunda Kira bedelinin uyarlanması davası taraflarca öngörülemeyen olağanüstü durumların ifadesi ORICON kaynağına göre nasıl açıklanır?,oricon_ticaret_borclar_000056,True,True,True,True,True,True
30,Genel hukuk / sınıflandırma bekliyor alanında ceza konusunda İmar kirliliğinin önlenmesi kapsamlı yaklaşım gerekmektedir temelde yatan ifadesi ORICON kaynağına göre nasıl açıklanır?,oricon_genel_000119,True,True,True,True,True,True
31,Genel hukuk / sınıflandırma bekliyor alanında Kat irtifakının devri konusunda Kat irtifakının devri devralan kişiye inşaatı sağlama yükümlülüğünü ifadesi ORICON kaynağına göre nasıl açıklanır?,oricon_genel_000324,True,True,True,True,True,True
32,Ticaret Hukuku; Medeni Hukuk - Miras/Aile/Eşya/Kişiler alanında ticaret konusunda Taşınmaz ticari amaçla edinilmişse durumda Ticaret Mahkemeleri görevli ifadesi ORICON kaynağına göre nasıl açıklanır?,oricon_ticaret_medeni_000044,True,True,True,True,True,True
33,Medeni Hukuk - Miras/Aile/Eşya/Kişiler alanında Yasal önalım hakkının şartları konusunda Yasal önalım hakkının şartları paydaş olma şartı paylı ifadesi ORICON kaynağına göre nasıl açıklanır?,oricon_medeni_000554,True,True,False,True,True,True
34,Ticaret Hukuku alanında ticaret konusunda Ticaret hukuku danışmanlığı işletmelerin ticaret faaliyetlerini sorunsuz şekilde ifadesi ORICON kaynağına göre nasıl açıklanır?,oricon_ticaret_000030,True,True,True,True,True,True
35,Genel hukuk / sınıflandırma bekliyor alanında kadının soyadı konusunda Kocanın iznin kaldırılması mahkemeye kadının soyadını kullanmasının kendisine ifadesi ORICON kaynağına göre nasıl açıklanır?,oricon_genel_001797,True,True,True,True,True,True
36,Ceza Hukuku alanında suç konusunda Eşya kazanç müsaderesi yasa dışı bahis suçlarıyla ilgili ifadesi ORICON kaynağına göre nasıl açıklanır?,oricon_ceza_000041,True,True,True,True,True,True
37,Yabancılar ve Vatandaşlık Hukuku; Anayasa Hukuku ve Temel Haklar alanında temel hak ve özgürlükler konusunda Türk vatandaşlığından çıkmak isteyen kişinin vatansız kalmaması esası ifadesi ORICON kaynağına göre nasıl açıklanır?,oricon_yabancilar_anayasa_000002,True,True,True,True,True,True
38,İdare ve İdari Yargılama Hukuku alanında hüküm konusunda İdari mercilere tanınan takdir yetkisi yasal mevzuat hükümleri ifadesi ORICON kaynağına göre nasıl açıklanır?,oricon_idare_000309,True,True,True,True,True,True
39,Ticaret Hukuku alanında ticaret konusunda Garanti marka marka sahibinin kontrolü altında birçok işletme ifadesi ORICON kaynağına göre nasıl açıklanır?,oricon_ticaret_000209,True,True,True,True,True,True
40,Ticaret Hukuku alanında Borcun ifa edilmesi konusunda Borcun ifa edilmesi durumunda mahkeme borcun gerçekten ifa ifadesi ORICON kaynağına göre nasıl açıklanır?,oricon_ticaret_000056,True,True,True,True,True,True
41,Ticaret Hukuku alanında şirket konusunda Kulüpler futbolcularını muhtemel kazalar sakatlıklar TFF tarafından belirlenmiş ifadesi ORICON kaynağına göre nasıl açıklanır?,oricon_ticaret_000461,True,True,True,True,True,True
42,Borçlar ve Sözleşmeler Hukuku; Medeni Hukuk - Miras/Aile/Eşya/Kişiler alanında Borçlunun haline münasip ev konusunda Borçlunun haline münasip borçlunun ailesinin mesken kullanmaya elverişli ifadesi ORICON kaynağına göre nasıl açıklanır?,oricon_borclar_medeni_000065,True,True,False,True,True,True
43,Genel hukuk / sınıflandırma bekliyor alanında Noter aracılığıyla diğer yollarla yazılı konusunda Noter aracılığıyla diğer yollarla yazılı ihtarda bulunmak ispat ifadesi ORICON kaynağına göre nasıl açıklanır?,oricon_genel_000491,True,True,True,True,True,True
44,İdare ve İdari Yargılama Hukuku alanında iptal davası konusunda İdare hukukunda idareye karşı açılabilecek davalar sınırlı sayıda ifadesi ORICON kaynağına göre nasıl açıklanır?,oricon_idare_000161,True,True,True,True,True,True
45,Ticaret Hukuku alanında ceza konusunda Eğer malın değeri gerçekten azsa hakim cezayı indirmek ifadesi ORICON kaynağına göre nasıl açıklanır?,oricon_ticaret_000080,True,True,True,True,True,True
46,Medeni Hukuk - Miras/Aile/Eşya/Kişiler alanında Rehinlerin kuruluş tarihi konusunda Rehinlerin kuruluş tarihi taşınır rehni önemlidir önce kurulan ifadesi ORICON kaynağına göre nasıl açıklanır?,oricon_medeni_000033,True,True,True,True,True,True
47,Genel hukuk / sınıflandırma bekliyor alanında 7258 sayılı kanunda yasadışı bahis konusunda 7258 sayılı kanunda yasadışı bahis oynatılan yerlerin mühürlenerek ifadesi ORICON kaynağına göre nasıl açıklanır?,oricon_genel_000187,True,True,False,True,True,True
48,Borçlar ve Sözleşmeler Hukuku alanında borçlu temerrüdü konusunda Borçlu temerrüdü ilgili fazla bilgi edinmek Borçlu Temerrüdü ifadesi ORICON kaynağına göre nasıl açıklanır?,oricon_borclar_000162,True,True,True,True,True,True
49,Ticaret Hukuku alanında ceza konusunda Haberleşme içeriklerinin kaydı suretiyle gizlilik ihlali gerçekleşirse verilecek ifadesi ORICON kaynağına göre nasıl açıklanır?,oricon_ticaret_000266,True,True,True,True,True,True
50,Medeni Hukuk - Miras/Aile/Eşya/Kişiler alanında görevli mahkeme konusunda İstihkak davasında görevli mahkeme asliye hukuk mahkemesidir taşınmaz ifadesi ORICON kaynağına göre nasıl açıklanır?,oricon_medeni_000015,True,True,True,True,True,True
51,Genel hukuk / sınıflandırma bekliyor alanında kentsel dönüşüm konusunda Kentsel dönüşüm kararı hak sahiplerinin onay oranı üçte ifadesi ORICON kaynağına göre nasıl açıklanır?,oricon_genel_000155,True,True,True,True,True,True
52,Genel hukuk / sınıflandırma bekliyor alanında Yıkım kararının hazırlık aşamasında konusunda Yıkım kararının hazırlık aşamasında alanında uzman tekniker mühendisler ifadesi ORICON kaynağına göre nasıl açıklanır?,oricon_genel_000977,True,True,True,True,True,True
53,Borçlar ve Sözleşmeler Hukuku alanında sözleşme konusunda Kiraya verenin açacağı kira kaybı alacağı talepli tazminat ifadesi ORICON kaynağına göre nasıl açıklanır?,oricon_borclar_000236,True,True,True,True,True,True
54,Ticaret Hukuku alanında kentsel dönüşüm konusunda Kentsel dönüşüm sürecinde malikler riskli yapı tespitine itiraz ifadesi ORICON kaynağına göre nasıl açıklanır?,oricon_ticaret_000154,True,True,True,True,True,True
55,İcra ve İflas Hukuku alanında Aciz vesikası konusunda Aciz vesikası haczedilen malların paraya çevrilmesi sonunda alacağı ifadesi ORICON kaynağına göre nasıl açıklanır?,oricon_icra_iflas_000046,True,True,True,True,True,True
56,Ticaret Hukuku alanında Gemi maliki alacaklının aynı kişi konusunda Gemi maliki alacaklının aynı kişi olması durumunda işleyecek ifadesi ORICON kaynağına göre nasıl açıklanır?,oricon_ticaret_000117,True,True,False,True,True,True
57,Medeni Hukuk - Miras/Aile/Eşya/Kişiler alanında Tereke mallarının sayıda olmaması konusunda Tereke mallarının sayıda olmaması yukarıda sayılan malvarlıklarının sadece ifadesi ORICON kaynağına göre nasıl açıklanır?,oricon_medeni_000070,True,True,True,True,True,True
58,Genel hukuk / sınıflandırma bekliyor alanında Kanun yoluna feragat beyanının hukuki konusunda Kanun yoluna feragat beyanının hukuki doğurabilmesi gerekçeli kararın ifadesi ORICON kaynağına göre nasıl açıklanır?,oricon_genel_001800,True,True,True,True,True,True
59,İdare ve İdari Yargılama Hukuku alanında kamu hizmeti konusunda Zarar görenin idarenin hizmet kusurunu ispat etmesi idarenin ifadesi ORICON kaynağına göre nasıl açıklanır?,oricon_idare_000303,True,True,True,True,True,True
60,Ticaret Hukuku; Borçlar ve Sözleşmeler Hukuku alanında tahliye konusunda Yeni malik kardeşine kanun gereği bakmakla yükümlü olduğu ifadesi ORICON kaynağına göre nasıl açıklanır?,oricon_ticaret_borclar_000046,True,True,True,True,True,True
61,Genel hukuk / sınıflandırma bekliyor alanında Zorunlu dava arkadaşlığı bulunmayan durumlarda konusunda Zorunlu dava arkadaşlığı bulunmayan durumlarda kimseye taraf sıfatı ifadesi ORICON kaynağına göre nasıl açıklanır?,oricon_genel_000862,True,True,True,True,True,True
62,İdare ve İdari Yargılama Hukuku alanında türk vatandaşlığı konusunda Milli güvenlik kamu düzeni bakımından engel teşkil edecek ifadesi ORICON kaynağına göre nasıl açıklanır?,oricon_idare_000083,True,True,True,True,True,True
63,Genel hukuk / sınıflandırma bekliyor alanında Mahkemece uygun görülmesi konusunda Mahkemece uygun görülmesi halinde konunun uzmanı bilirkişiler vasıtasıyla ifadesi ORICON kaynağına göre nasıl açıklanır?,oricon_genel_000281,True,True,True,True,True,True
64,Ceza Hukuku; Medeni Hukuk - Miras/Aile/Eşya/Kişiler alanında hakaret konusunda Uyuşturucu madde bağımlılığı boşanma sürecinde kişilik haklarını doğrudan ifadesi ORICON kaynağına göre nasıl açıklanır?,oricon_ceza_medeni_000004,True,True,True,True,True,True
65,Vergi Hukuku alanında İlişki konusunda İlişki zaman profesyonel saygılı çerçevede yürütülmelidir ifadesi ORICON kaynağına göre nasıl açıklanır?,oricon_vergi_000006,True,True,True,True,True,True
66,Medeni Hukuk - Miras/Aile/Eşya/Kişiler alanında Ana taşınmazda faydalı değişiklikler yapılabilmesi konusunda Ana taşınmazda faydalı değişiklikler yapılabilmesi kat maliklerinin sayı ifadesi ORICON kaynağına göre nasıl açıklanır?,oricon_medeni_000525,True,True,True,True,True,True
67,Ceza Muhakemesi Hukuku alanında Etkili savunma konusunda Etkili savunma şüphelinin sakin kalması haklarını iyi bilmesi ifadesi ORICON kaynağına göre nasıl açıklanır?,oricon_ceza_muhakemesi_000021,True,True,True,True,True,True
68,Genel hukuk / sınıflandırma bekliyor alanında Eğer davalı zamanaşımı itirazında bulunmazsa konusunda Eğer davalı zamanaşımı itirazında bulunmazsa hakim zamanaşımı süresini ifadesi ORICON kaynağına göre nasıl açıklanır?,oricon_genel_001796,True,True,True,True,True,True
69,Medeni Hukuk - Miras/Aile/Eşya/Kişiler alanında boşanma konusunda Anlaşmalı boşanma protokollerinde herhangi şekil şartı olmamakla beraber ifadesi ORICON kaynağına göre nasıl açıklanır?,oricon_medeni_000370,True,True,True,True,True,True
70,Genel hukuk / sınıflandırma bekliyor alanında idari işlem konusunda İdari işlemlerin hukuka uygun olması yetki şekil sebep ifadesi ORICON kaynağına göre nasıl açıklanır?,oricon_genel_001574,False,True,True,True,False,True
71,Genel hukuk / sınıflandırma bekliyor alanında Donatan konusunda Donatan çartererin gecikmesi durumunda zararını ispatladığı ölçüde yüksek ifadesi ORICON kaynağına göre nasıl açıklanır?,oricon_genel_000403,True,True,True,True,True,True
72,Genel hukuk / sınıflandırma bekliyor alanında Ücretsiz izin sürecinde iş akdi konusunda Ücretsiz izin sürecinde akdi feshedilmez çalışanın işyeri ilişiği ifadesi ORICON kaynağına göre nasıl açıklanır?,oricon_genel_001430,True,True,True,True,True,True
73,Ceza Hukuku alanında suç konusunda Facebook Instagram WhatsApp Twitter sosyal medya platformlarının kullanımı ifadesi ORICON kaynağına göre nasıl açıklanır?,oricon_ceza_000142,True,True,True,True,True,True
74,İş ve Sosyal Güvenlik Hukuku alanında Gazetecilerin yıllık izin süreleri ilgili konusunda Gazetecilerin yıllık izin süreleri ilgili meslekteki kıdem yıldan ifadesi ORICON kaynağına göre nasıl açıklanır?,oricon_is_sgk_000013,True,True,True,True,True,True
75,Borçlar ve Sözleşmeler Hukuku; Medeni Hukuk - Miras/Aile/Eşya/Kişiler alanında Komisyonun ecrimisil bedeli tespitinde emsal konusunda Komisyonun ecrimisil bedeli tespitinde emsal araştırması yapmasının önemi ifadesi ORICON kaynağına göre nasıl açıklanır?,oricon_borclar_medeni_000080,True,True,True,True,True,True
76,Genel hukuk / sınıflandırma bekliyor alanında Bakiyeyi gösteren cetveli alan taraf konusunda Bakiyeyi gösteren cetveli alan taraf aldığı tarihten itibaren ifadesi ORICON kaynağına göre nasıl açıklanır?,oricon_genel_001464,True,True,True,True,True,True
77,Genel hukuk / sınıflandırma bekliyor alanında malın eşlerden birine ait olduğunu konusunda malın eşlerden birine ait olduğunu iddia eden kişi ifadesi ORICON kaynağına göre nasıl açıklanır?,oricon_genel_001772,True,True,False,True,False,True
78,Genel hukuk / sınıflandırma bekliyor alanında Kumar oynaması konusunda Kumar oynaması yer sağlama fiziki mekanın kumar oyunlarına ifadesi ORICON kaynağına göre nasıl açıklanır?,oricon_genel_000185,True,True,True,True,True,True
79,Ticaret Hukuku alanında Malikin gemiyi işletme tarzı nedeniyle konusunda Malikin gemiyi işletme tarzı nedeniyle ipoteğin sağladığı teminatın ifadesi ORICON kaynağına göre nasıl açıklanır?,oricon_ticaret_000135,True,True,True,True,True,True
80,Genel hukuk / sınıflandırma bekliyor alanında Yıllık izin süresi hesaplanırken konusunda Yıllık izin süresi hesaplanırken hafta tatilleri bayram genel ifadesi ORICON kaynağına göre nasıl açıklanır?,oricon_genel_001862,True,True,True,True,True,True
81,Genel hukuk / sınıflandırma bekliyor alanında Teknik heyet konusunda Teknik heyet itiraz dilekçesinde gösterilen itiraz sebebi bağlı ifadesi ORICON kaynağına göre nasıl açıklanır?,oricon_genel_001037,True,True,True,True,True,True
82,Genel hukuk / sınıflandırma bekliyor alanında özel hayat konusunda WhatsApp grubuna atılan tüm iletiler grup üyelerinin tamamının ifadesi ORICON kaynağına göre nasıl açıklanır?,oricon_genel_001353,True,True,True,True,True,True
83,İdare ve İdari Yargılama Hukuku alanında hata konusunda Tebligat bilinen adrese yapılmışsa muhatabına ilgili posta idaresince ifadesi ORICON kaynağına göre nasıl açıklanır?,oricon_idare_000262,True,True,True,True,True,True
84,Medeni Hukuk - Miras/Aile/Eşya/Kişiler alanında İnfaz memuru konusunda İnfaz memuru dosyanın kendisine iletilmesinden itibaren beş gün ifadesi ORICON kaynağına göre nasıl açıklanır?,oricon_medeni_000459,True,True,True,True,True,True
85,Genel hukuk / sınıflandırma bekliyor alanında Blockchain teknolojisi üzerinden yapılan işlemlerde konusunda Blockchain teknolojisi üzerinden yapılan işlemlerde yargılama yetkisine devletin ifadesi ORICON kaynağına göre nasıl açıklanır?,oricon_genel_000763,True,True,True,True,True,True
86,Genel hukuk / sınıflandırma bekliyor alanında İlk defa verilecek tedbir kararı konusunda İlk defa verilecek tedbir kararı altı verilebilir şiddetin ifadesi ORICON kaynağına göre nasıl açıklanır?,oricon_genel_000873,True,True,True,True,True,True
87,İcra ve İflas Hukuku; Medeni Hukuk - Miras/Aile/Eşya/Kişiler alanında Üçüncü kişinin elinde bulunan mal konusunda Üçüncü kişinin elinde bulunan mal istihkak davasını alacaklı ifadesi ORICON kaynağına göre nasıl açıklanır?,oricon_icra_iflas_medeni_000002,True,True,True,True,True,True
88,Anayasa Hukuku ve Temel Haklar alanında dop kesintisi konusunda Kamu arazileri bakımından DOP kesintisi yapılmaması eşitlik ilkesine ifadesi ORICON kaynağına göre nasıl açıklanır?,oricon_anayasa_000013,True,True,True,True,True,True
89,Ticaret Hukuku alanında Eğer paydaşlara satış gerçekleştirilemezse konusunda Eğer paydaşlara satış gerçekleştirilemezse riskli yapılar riskli alanlar ifadesi ORICON kaynağına göre nasıl açıklanır?,oricon_ticaret_000155,True,True,True,True,True,True
90,Borçlar ve Sözleşmeler Hukuku alanında Kambiyo senetlerinde konusunda Kambiyo senetlerinde müracaat hakkının kullanılması sebebiyle ödeme yapan ifadesi ORICON kaynağına göre nasıl açıklanır?,oricon_borclar_000295,True,True,True,True,True,True
91,Genel hukuk / sınıflandırma bekliyor alanında yetkili mahkeme konusunda Davalının yerleşim yeri ilgili uyuşmazlıklarda yetkili mahkeme davalının ifadesi ORICON kaynağına göre nasıl açıklanır?,oricon_genel_000539,True,True,True,True,True,True
92,Genel hukuk / sınıflandırma bekliyor alanında Sosyal medya hesaplarına üçüncü kişiler konusunda Sosyal medya hesaplarına üçüncü kişiler tarafından yapılan siber ifadesi ORICON kaynağına göre nasıl açıklanır?,oricon_genel_001899,True,True,True,True,True,True
93,Genel hukuk / sınıflandırma bekliyor alanında Kuruluşta sunulan belgelerin doğru olmaması konusunda Kuruluşta sunulan belgelerin doğru olmaması kurucuların özel sorumluluk ifadesi ORICON kaynağına göre nasıl açıklanır?,oricon_genel_000567,True,True,True,True,True,True
94,Genel hukuk / sınıflandırma bekliyor alanında Yapı kayıt belgesinin iptali işlemi konusunda Yapı kayıt belgesinin iptali işlemi yapı sahiplerine usulüne ifadesi ORICON kaynağına göre nasıl açıklanır?,oricon_genel_001055,True,True,True,True,True,True
95,Medeni Hukuk - Miras/Aile/Eşya/Kişiler alanında Rehinle yüklenecek taşınmazın belirli tapuda konusunda Rehinle yüklenecek taşınmazın belirli tapuda kayıtlı taşınmaz olması ifadesi ORICON kaynağına göre nasıl açıklanır?,oricon_medeni_000020,True,True,True,True,True,True
96,Ticaret Hukuku; Medeni Hukuk - Miras/Aile/Eşya/Kişiler alanında müteahhit konusunda Müteahhitler büyük ölçekli inşaat projelerinde karşılaştıkları maliyetleri taşınmazları ifadesi ORICON kaynağına göre nasıl açıklanır?,oricon_ticaret_medeni_000050,True,True,True,True,True,True
97,İdare ve İdari Yargılama Hukuku alanında Ruhsat olmadan işyeri açılması çalıştırılması konusunda Ruhsat olmadan işyeri açılması çalıştırılması mümkün değildir durumda ifadesi ORICON kaynağına göre nasıl açıklanır?,oricon_idare_000085,True,True,True,True,True,True
98,Anayasa Hukuku ve Temel Haklar alanında Kişinin manevi varlıkları üzerindeki hakları konusunda Kişinin manevi varlıkları üzerindeki hakları şeref haysiyet saygınlık ifadesi ORICON kaynağına göre nasıl açıklanır?,oricon_anayasa_000041,True,True,True,True,True,True
99,Medeni Hukuk - Miras/Aile/Eşya/Kişiler alanında Geri gönderme merkezlerinde çocukların yüksek konusunda Geri gönderme merkezlerinde çocukların yüksek yararları gözetilir aileler ifadesi ORICON kaynağına göre nasıl açıklanır?,oricon_medeni_000174,True,True,True,True,True,True
100,İdare ve İdari Yargılama Hukuku alanında 5393 sayılı Belediye Kanunu konusunda Kamulaştırma kararı alındığında 5393 sayılı Belediye Kanunu 2942 ifadesi ORICON kaynağına göre nasıl açıklanır?,oricon_idare_000318,True,True,True,True,True,True
101,Genel hukuk / sınıflandırma bekliyor alanında Evlenen kadınların eşinin soyadını alma konusunda Evlenen kadınların eşinin soyadını alma zorunluluğu cinsiyet eşitliği ifadesi ORICON kaynağına göre nasıl açıklanır?,oricon_genel_002070,True,True,True,True,True,True
102,Genel hukuk / sınıflandırma bekliyor alanında Bazı görüşlere konusunda Bazı görüşlere resmi memura başvurarak onun elindeki asıl ifadesi ORICON kaynağına göre nasıl açıklanır?,oricon_genel_000284,True,True,True,True,True,True
103,İdare ve İdari Yargılama Hukuku alanında Başvuruyu alan idare konusunda Başvuruyu alan idare otuz gün içinde cevap vermezse ifadesi ORICON kaynağına göre nasıl açıklanır?,oricon_idare_000301,True,True,False,True,True,True
104,Borçlar ve Sözleşmeler Hukuku; Medeni Hukuk - Miras/Aile/Eşya/Kişiler alanında sözleşme konusunda Tescil edilen tasarımın sahibi tescile konu tasarımı üçüncü ifadesi ORICON kaynağına göre nasıl açıklanır?,oricon_borclar_medeni_000075,True,True,True,True,True,True
105,Genel hukuk / sınıflandırma bekliyor alanında Ruhsatsız yapı konusunda Ruhsatsız yapı hukuka aykırı olduğu ruhsata aykırı yapılaşma ifadesi ORICON kaynağına göre nasıl açıklanır?,oricon_genel_000117,True,True,True,True,True,True
106,Genel hukuk / sınıflandırma bekliyor alanında Savunma stratejisinin etkili şekilde yürütülmesi konusunda Savunma stratejisinin etkili şekilde yürütülmesi yargılama sürecinin gidişatını ifadesi ORICON kaynağına göre nasıl açıklanır?,oricon_genel_000027,True,True,True,True,True,True
107,Medeni Hukuk - Miras/Aile/Eşya/Kişiler alanında Vasiyetnamede ehliyet terimi konusunda Vasiyetnamede ehliyet terimi kişinin vasiyetname yapma yeteneğini ifade ifadesi ORICON kaynağına göre nasıl açıklanır?,oricon_medeni_000751,True,True,True,True,True,True
108,Medeni Hukuk - Miras/Aile/Eşya/Kişiler alanında İstihkak davası konusunda İstihkak davası malikin mülkiyet hakkına dayanarak malını haksız ifadesi ORICON kaynağına göre nasıl açıklanır?,oricon_medeni_000002,True,True,True,True,True,True
109,İdare ve İdari Yargılama Hukuku; Medeni Hukuk - Miras/Aile/Eşya/Kişiler alanında Yapı ruhsatı almak konusunda Yapı ruhsatı almak dilekçeye tapu mimari proje statik ifadesi ORICON kaynağına göre nasıl açıklanır?,oricon_idare_medeni_000015,True,True,True,True,True,True
110,Genel hukuk / sınıflandırma bekliyor alanında İtiraz yoluna başvuruda konusunda İtiraz yoluna başvuruda karardaki hukuki sakatlıkların giderilmesi talep ifadesi ORICON kaynağına göre nasıl açıklanır?,oricon_genel_001031,True,True,True,True,True,True
111,Genel hukuk / sınıflandırma bekliyor alanında Kararın kesinleşmesiyle birlikte konusunda Kararın kesinleşmesiyle birlikte kaldırılan işleme bağlı tesis edilmiş ifadesi ORICON kaynağına göre nasıl açıklanır?,oricon_genel_001099,True,True,True,True,True,True
112,Genel hukuk / sınıflandırma bekliyor alanında Tecavüz fiillerinin durdurulması davasının amacı konusunda Tecavüz fiillerinin durdurulması davasının amacı hali hazırda devam ifadesi ORICON kaynağına göre nasıl açıklanır?,oricon_genel_001915,True,True,True,True,True,True
113,Ticaret Hukuku alanında Memuriyetten çekilmek isteyen memurlar konusunda Memuriyetten çekilmek isteyen memurlar çekilme taleplerini ilgili kuruma ifadesi ORICON kaynağına göre nasıl açıklanır?,oricon_ticaret_000228,True,True,True,True,True,True
114,Medeni Hukuk - Miras/Aile/Eşya/Kişiler alanında hüküm konusunda Vasiyetnamenin kısmen iptali vasiyetnamenin sadece belirli kısmının geçersiz ifadesi ORICON kaynağına göre nasıl açıklanır?,oricon_medeni_000762,True,True,True,True,True,True
115,Medeni Hukuk - Miras/Aile/Eşya/Kişiler alanında müteahhit konusunda Müteahhitler inşaat projelerini finanse etmek taşınmazlar üzerinde banka ifadesi ORICON kaynağına göre nasıl açıklanır?,oricon_medeni_000193,True,True,True,True,True,True
116,Ticaret Hukuku alanında işçi konusunda Mobbing kabul edilebilmesi işverenin davranışlarının kasıtlı sürekli işçiye ifadesi ORICON kaynağına göre nasıl açıklanır?,oricon_ticaret_000460,True,True,True,True,True,True
117,Ticaret Hukuku; Medeni Hukuk - Miras/Aile/Eşya/Kişiler alanında boşanma konusunda Boşanma davasında uyuşturucu kullanımının ispatı evlilik birliği devam ifadesi ORICON kaynağına göre nasıl açıklanır?,oricon_ticaret_medeni_000057,True,True,True,True,True,True
118,Borçlar ve Sözleşmeler Hukuku alanında bağışlama konusunda Bağışlama sözünü geri almanın temel örneği bağışlama sözü ifadesi ORICON kaynağına göre nasıl açıklanır?,oricon_borclar_000015,True,True,True,True,True,True
119,Ticaret Hukuku; Medeni Hukuk - Miras/Aile/Eşya/Kişiler alanında görevli mahkeme konusunda Tapu iptali davasında görevli mahkeme Asliye Ticaret Mahkemesidir ifadesi ORICON kaynağına göre nasıl açıklanır?,oricon_ticaret_medeni_000117,False,True,True,True,True,True
120,Borçlar ve Sözleşmeler Hukuku alanında Borçlunun temerrüde düşmesi konusunda Borçlunun temerrüde düşmesi borçlunun kusurunun bulunması şart değildir ifadesi ORICON kaynağına göre nasıl açıklanır?,oricon_borclar_000193,True,True,True,True,True,True
121,İş ve Sosyal Güvenlik Hukuku; Borçlar ve Sözleşmeler Hukuku; Medeni Hukuk - Miras/Aile/Eşya/Kişiler alanında miras konusunda Miras payını devralan üçüncü kişinin mirasbırakanın borçlarından sorumluluğu ifadesi ORICON kaynağına göre nasıl açıklanır?,oricon_is_sgk_borclar_medeni_000001,True,True,True,True,True,True
122,İdare ve İdari Yargılama Hukuku; Borçlar ve Sözleşmeler Hukuku alanında tazminat konusunda Kamulaştırmasız atma durumlarında idare aleyhine tazminat atmanın önlenmesi ifadesi ORICON kaynağına göre nasıl açıklanır?,oricon_idare_borclar_000016,False,True,False,True,True,True
123,Ticaret Hukuku; İdare ve İdari Yargılama Hukuku alanında hukuki el atma konusunda Kamulaştırmasız atma fiili atma şeklinde olabileceği hukuki atma ifadesi ORICON kaynağına göre nasıl açıklanır?,oricon_ticaret_idare_000026,True,True,True,True,True,True
124,İdare ve İdari Yargılama Hukuku alanında yürütmenin durdurulması konusunda Danıştay bölge idare mahkemesi yürütmenin durdurulması kararı vermek ifadesi ORICON kaynağına göre nasıl açıklanır?,oricon_idare_000065,True,True,True,True,True,True
125,Genel hukuk / sınıflandırma bekliyor alanında Konut dokunulmazlığı hakkı konusunda Konut dokunulmazlığı hakkı kişilerin konutunda huzurla güvenle yaşama ifadesi ORICON kaynağına göre nasıl açıklanır?,oricon_genel_000126,True,True,True,True,True,True
126,Genel hukuk / sınıflandırma bekliyor alanında Bakiyenin tespiti kabulü aşamasında konusunda Bakiyenin tespiti kabulü aşamasında hakim görüşe bakiye hesabı ifadesi ORICON kaynağına göre nasıl açıklanır?,oricon_genel_001463,True,True,True,True,True,True
127,Medeni Hukuk - Miras/Aile/Eşya/Kişiler alanında Ehliyetsiz iddia edilen kişinin tapuda konusunda Ehliyetsiz olduğu iddia edilen kişinin tapuda devir işlemi ifadesi ORICON kaynağına göre nasıl açıklanır?,oricon_medeni_000409,True,True,True,True,True,True
128,Medeni Hukuk - Miras/Aile/Eşya/Kişiler alanında miras konusunda Resmi vasiyetnamenin geçerliliği vasiyet edenin vasiyetin isteklerine uygun ifadesi ORICON kaynağına göre nasıl açıklanır?,oricon_medeni_000757,True,True,True,True,True,True
129,Ticaret Hukuku; Vergi Hukuku alanında arabuluculuk konusunda Arabuluculuk görüşmelerine taraflar bizzat katılabileceği tarafların avukatları kanuni ifadesi ORICON kaynağına göre nasıl açıklanır?,oricon_ticaret_vergi_000005,True,True,False,True,False,True
130,Genel hukuk / sınıflandırma bekliyor alanında Yetkili komisyonun toplanması konusunda Yetkili komisyonun toplanması tüm üyelerin varlığında toplanması yasal ifadesi ORICON kaynağına göre nasıl açıklanır?,oricon_genel_001107,True,True,True,True,True,True
131,Genel hukuk / sınıflandırma bekliyor alanında Futbolcu alacaklarının talep edilebilmesi konusunda Futbolcu alacaklarının talep edilebilmesi alacağın muaccel hale gelmesi ifadesi ORICON kaynağına göre nasıl açıklanır?,oricon_genel_002050,True,True,True,True,True,True
132,Ceza Muhakemesi Hukuku alanında işveren konusunda İşverenin sağlığı güvenliği açısından gerekli önlemleri almaması durumunda ifadesi ORICON kaynağına göre nasıl açıklanır?,oricon_ceza_muhakemesi_000088,True,True,True,True,True,True
133,Genel hukuk / sınıflandırma bekliyor alanında Maddi hasarlı trafik kazalarında zararın konusunda Maddi hasarlı trafik kazalarında zararın tazmininden tarafların kusur ifadesi ORICON kaynağına göre nasıl açıklanır?,oricon_genel_000084,True,True,True,True,True,True
134,Genel hukuk / sınıflandırma bekliyor alanında yıllık ücretli izin konusunda Ücretsiz izinle ilgili fazla bilgi almak isteyenler Yıllık ifadesi ORICON kaynağına göre nasıl açıklanır?,oricon_genel_001436,True,True,True,True,True,True
135,Ceza Muhakemesi Hukuku alanında gözaltı konusunda Kolluk kuvvetleri tarafından gözaltına alınan kişilerin verdikleri ilk ifadesi ORICON kaynağına göre nasıl açıklanır?,oricon_ceza_muhakemesi_000023,True,True,True,True,True,True
136,Genel hukuk / sınıflandırma bekliyor alanında hata konusunda İcra dairesi kararında maddi hatalar bulunabilir hatalara hesap ifadesi ORICON kaynağına göre nasıl açıklanır?,oricon_genel_000673,True,True,True,True,True,True
137,Genel hukuk / sınıflandırma bekliyor alanında Alışveriş merkezlerinde ortak giderlerin belirlenmesinde konusunda Alışveriş merkezlerinde ortak giderlerin belirlenmesinde 29636 sayılı Alışveriş ifadesi ORICON kaynağına göre nasıl açıklanır?,oricon_genel_001426,True,True,True,True,True,True
138,Vergi Hukuku alanında vergi konusunda Vergi hukuku danışmanlığı işletmelerin vergi konularını anlamalarına vergi ifadesi ORICON kaynağına göre nasıl açıklanır?,oricon_vergi_000021,True,True,True,True,True,True
139,Medeni Hukuk - Miras/Aile/Eşya/Kişiler alanında miras konusunda Eğer paydaş ortak ölmüşse mirasçılık belgesi alınarak mirasçılarının ifadesi ORICON kaynağına göre nasıl açıklanır?,oricon_medeni_000584,True,True,True,True,True,True
140,Genel hukuk / sınıflandırma bekliyor alanında ifade özgürlüğü konusunda İfade özgürlüğünün kamu barışının sağlanması adına belli noktalarda ifadesi ORICON kaynağına göre nasıl açıklanır?,oricon_genel_001880,True,True,True,True,False,True
141,Genel hukuk / sınıflandırma bekliyor alanında Doçentlik unvanı verilmesi sürecinde ÜAK konusunda Doçentlik unvanı verilmesi sürecinde ÜAK yapılan değerlendirmelerin olumlu ifadesi ORICON kaynağına göre nasıl açıklanır?,oricon_genel_000995,True,True,True,True,True,True
142,Medeni Hukuk - Miras/Aile/Eşya/Kişiler alanında Banka hesapları konusunda Banka hesapları ölünün adına kayıtlı banka hesapları mevduat ifadesi ORICON kaynağına göre nasıl açıklanır?,oricon_medeni_000069,True,True,True,True,True,True
143,Ticaret Hukuku alanında Sebeplessiz zenginleşme davasında zamanaşımı süresi konusunda Sebeplessiz zenginleşme davasında zamanaşımı süresi hak sahibinin geri ifadesi ORICON kaynağına göre nasıl açıklanır?,oricon_ticaret_000003,True,True,True,True,True,True
144,Vergi Hukuku alanında Avukatlar konusunda Avukatlar mesleki sınırların aşıldığı durumlarda bağlı bulundukları barolara ifadesi ORICON kaynağına göre nasıl açıklanır?,oricon_vergi_000010,True,True,True,True,True,True
145,Genel hukuk / sınıflandırma bekliyor alanında Senedin zıyaa uğraması konusunda Senedin zıyaa uğraması tamamen elden çıkması yok olması ifadesi ORICON kaynağına göre nasıl açıklanır?,oricon_genel_001468,True,True,True,True,True,True
146,Genel hukuk / sınıflandırma bekliyor alanında Eğer ilgili kişi bankaya yanlış konusunda Eğer ilgili kişi bankaya yanlış adres bildirmişse adres ifadesi ORICON kaynağına göre nasıl açıklanır?,oricon_genel_001305,True,True,True,True,True,True
147,Genel hukuk / sınıflandırma bekliyor alanında Blockchain yapısı konusunda Blockchain yapısı kayıtların bloklara işlenmesiyle oluşur kayıt para ifadesi ORICON kaynağına göre nasıl açıklanır?,oricon_genel_000740,True,True,True,True,True,True
148,Medeni Hukuk - Miras/Aile/Eşya/Kişiler alanında kentsel dönüşüm konusunda Riskli alanlarda kentsel dönüşüm sürecinde taşınmaz maliklerinin karar ifadesi ORICON kaynağına göre nasıl açıklanır?,oricon_medeni_000224,True,True,False,True,True,True
149,Genel hukuk / sınıflandırma bekliyor alanında Yargılamanın yenilenmesi konusunda Yargılamanın yenilenmesi yargılama esnasında elde olmayan sebeplerle yargılamanın ifadesi ORICON kaynağına göre nasıl açıklanır?,oricon_genel_001182,True,True,True,True,True,True
150,Medeni Hukuk - Miras/Aile/Eşya/Kişiler; Anayasa Hukuku ve Temel Haklar alanında miras konusunda Ölüme bağlı tasarruflar miras bırakanın malvarlığının akıbetini istediği ifadesi ORICON kaynağına göre nasıl açıklanır?,oricon_medeni_anayasa_000017,True,True,True,True,False,True
151,Genel hukuk / sınıflandırma bekliyor alanında Davacıların konusunda Davacıların dava konusu işlemin amaçla şekilde yapıldığını bizzat ifadesi ORICON kaynağına göre nasıl açıklanır?,oricon_genel_001640,True,True,False,True,True,True
152,Ceza Muhakemesi Hukuku alanında hata konusunda Yakalama gözaltı tedbirlerinin şüpheli sanığa uygulanabilmesi kanun sıkı ifadesi ORICON kaynağına göre nasıl açıklanır?,oricon_ceza_muhakemesi_000038,True,True,True,True,True,True
153,Genel hukuk / sınıflandırma bekliyor alanında Yapı tatil zaptının asılmasından sonra konusunda Yapı tatil zaptının asılmasından sonra yapı sahibi içinde ifadesi ORICON kaynağına göre nasıl açıklanır?,oricon_genel_000976,True,True,True,True,True,True
154,Genel hukuk / sınıflandırma bekliyor alanında Yargıtay kararında konusunda Yargıtay kararında kişisel ilişki kurulmasının reddedilmesinin nedeni eksik ifadesi ORICON kaynağına göre nasıl açıklanır?,oricon_genel_001254,True,True,True,True,True,True
155,Medeni Hukuk - Miras/Aile/Eşya/Kişiler alanında Mülkiyet hakkı mülkiyet çeşitleri arasında konusunda Mülkiyet hakkı mülkiyet çeşitleri arasında taşınır mülkiyeti taşınmaz ifadesi ORICON kaynağına göre nasıl açıklanır?,oricon_medeni_000600,True,True,True,True,True,True
156,Yabancılar ve Vatandaşlık Hukuku alanında ikamet izni konusunda Randevu gününde doldurulan Kayıt Formunun çıktısı imzalanmış hali ifadesi ORICON kaynağına göre nasıl açıklanır?,oricon_yabancilar_000002,True,True,True,True,True,True
157,Genel hukuk / sınıflandırma bekliyor alanında Eksik belgelerin tamamlanmaması konusunda Eksik belgelerin tamamlanmaması durumunda başvuru reddedilecektir ifadesi ORICON kaynağına göre nasıl açıklanır?,oricon_genel_001249,True,True,False,True,True,True
158,İdare ve İdari Yargılama Hukuku alanında tam yargı davası konusunda İdareye yapılan iade isteminin reddine karar verilirse haksız ifadesi ORICON kaynağına göre nasıl açıklanır?,oricon_idare_000169,True,True,True,True,True,True
159,Ticaret Hukuku; İcra ve İflas Hukuku; Ceza Hukuku alanında icra takibi konusunda Ticareti usulsüz terk suçunun oluşabilmesi İİK ifadesi ORICON kaynağına göre nasıl açıklanır?,oricon_ticaret_icra_iflas_ceza_000001,True,True,True,True,False,True
160,Ticaret Hukuku; Medeni Hukuk - Miras/Aile/Eşya/Kişiler alanında ipotek konusunda Gemi malikinin onayı ipotek derecelerinin yer değiştirmesi sürecinde ifadesi ORICON kaynağına göre nasıl açıklanır?,oricon_ticaret_medeni_000041,True,True,True,True,True,True
161,Medeni Hukuk - Miras/Aile/Eşya/Kişiler alanında Aile konutunun maliki olmayan eşin konusunda Aile konutunun maliki olmayan eşin rızası olmadan yapılan ifadesi ORICON kaynağına göre nasıl açıklanır?,oricon_medeni_000418,True,True,True,True,True,True
162,Borçlar ve Sözleşmeler Hukuku alanında sözleşme konusunda Kira sözleşmesi mahkeme kararıyla feshedildiğinde tahliye kararı verildiğinde ifadesi ORICON kaynağına göre nasıl açıklanır?,oricon_borclar_000343,True,True,True,True,True,True
163,Genel hukuk / sınıflandırma bekliyor alanında Riskli yapı tespitinde dava açma konusunda Riskli yapı tespitinde dava açma süresi yapılan itiraza ifadesi ORICON kaynağına göre nasıl açıklanır?,oricon_genel_001040,True,True,True,True,True,True
164,Vergi Hukuku alanında Mahkeme masrafları konusunda Mahkeme masrafları davanın değeri üzerinden ödenecek harçlar keşif ifadesi ORICON kaynağına göre nasıl açıklanır?,oricon_vergi_000082,True,True,False,True,True,True
165,Genel hukuk / sınıflandırma bekliyor alanında Kat irtifakının kurulabilmesi konusunda Kat irtifakının kurulabilmesi binanın inşaatına hiç başlanılmamış inşaat ifadesi ORICON kaynağına göre nasıl açıklanır?,oricon_genel_000321,True,True,True,True,True,True
166,İş ve Sosyal Güvenlik Hukuku alanında işçi konusunda Yargıtay ibranamenin dar yorumlanması gerektiğini işverenin borcunun asıl ifadesi ORICON kaynağına göre nasıl açıklanır?,oricon_is_sgk_000067,True,True,True,True,True,True
167,Genel hukuk / sınıflandırma bekliyor alanında işçi konusunda İşe iade davası açma süreleri hak düşürücü süre ifadesi ORICON kaynağına göre nasıl açıklanır?,oricon_genel_001731,True,True,True,True,True,True
168,Ceza Hukuku; Vergi Hukuku alanında vergi konusunda Defter Belge İbraz Etmeme Suçunun kapsamı açısından Vergi ifadesi ORICON kaynağına göre nasıl açıklanır?,oricon_ceza_vergi_000002,True,True,True,True,False,True
169,Genel hukuk / sınıflandırma bekliyor alanında Şikayetten vazgeçme süreci konusunda Şikayetten vazgeçme süreci fazla bilgiye Şik yet Hakkı ifadesi ORICON kaynağına göre nasıl açıklanır?,oricon_genel_000659,True,True,True,True,True,True
170,İdare ve İdari Yargılama Hukuku; Medeni Hukuk - Miras/Aile/Eşya/Kişiler alanında Taşınmaz maliki konusunda Taşınmaz maliki kamulaştırma bedelini uygun bulursa kendi adına ifadesi ORICON kaynağına göre nasıl açıklanır?,oricon_idare_medeni_000050,True,True,True,True,True,True
171,Genel hukuk / sınıflandırma bekliyor alanında Eğer alacaklılara tam güvence sağlanmamışsa konusunda Eğer alacaklılara tam güvence sağlanmamışsa diğer şartların olması ifadesi ORICON kaynağına göre nasıl açıklanır?,oricon_genel_000275,True,True,True,True,True,True
172,Borçlar ve Sözleşmeler Hukuku alanında Teminat miktarı konusunda Teminat miktarı dosya hesabında borç miktarı aylık faiz ifadesi ORICON kaynağına göre nasıl açıklanır?,oricon_borclar_000057,True,True,True,True,True,True
173,Ticaret Hukuku alanında WhatsApp yoluyla gerçekleştirilen bireysel grup konusunda WhatsApp yoluyla gerçekleştirilen bireysel grup mesajlaşmaları kaydedilerek yargıya ifadesi ORICON kaynağına göre nasıl açıklanır?,oricon_ticaret_000296,True,True,True,True,True,True
174,Vergi Hukuku; Medeni Hukuk - Miras/Aile/Eşya/Kişiler alanında Muris muvazaasına dayalı tapu iptal konusunda Muris muvazaasına dayalı tapu iptal tescil davalarının harçları ifadesi ORICON kaynağına göre nasıl açıklanır?,oricon_vergi_medeni_000015,True,True,True,True,True,True
175,Ticaret Hukuku alanında Bireysel mülakatın amacı konusunda Bireysel mülakatın amacı başvuruya ilişkin ayrıntılı görüşme yapmaktır ifadesi ORICON kaynağına göre nasıl açıklanır?,oricon_ticaret_000237,True,True,True,True,True,True
176,Genel hukuk / sınıflandırma bekliyor alanında Ruhsat alınmış yapılarda değişiklik yapılmak konusunda Ruhsat alınmış yapılarda değişiklik yapılmak istendiğinde yeniden ruhsat ifadesi ORICON kaynağına göre nasıl açıklanır?,oricon_genel_000899,True,True,True,True,True,True
177,Genel hukuk / sınıflandırma bekliyor alanında türk vatandaşlığı konusunda Türk vatandaşlığının kazanılmasında müracaat makamı başvuru sahibinin yerleşim ifadesi ORICON kaynağına göre nasıl açıklanır?,oricon_genel_000350,True,True,True,True,True,True
178,Ticaret Hukuku alanında Taraflar arasında yapılan anlaşma konusunda Taraflar arasında yapılan anlaşma sonradan gerçekleşen artış azalmaların ifadesi ORICON kaynağına göre nasıl açıklanır?,oricon_ticaret_000453,True,True,True,True,True,True
179,Genel hukuk / sınıflandırma bekliyor alanında İmar Barışı konusunda İmar Barışı kapsamında müracaat süreci vatandaşların kendi rızası ifadesi ORICON kaynağına göre nasıl açıklanır?,oricon_genel_001508,True,True,True,True,True,True
180,İcra ve İflas Hukuku; Borçlar ve Sözleşmeler Hukuku; Medeni Hukuk - Miras/Aile/Eşya/Kişiler alanında icra takibi konusunda Kiraya veren taşınmazda meydana gelen zararlar dolayısıyla kiracı ifadesi ORICON kaynağına göre nasıl açıklanır?,oricon_icra_iflas_borclar_medeni_000016,True,True,True,True,True,True
181,Genel hukuk / sınıflandırma bekliyor alanında ceza konusunda Bilişim sistemindeki verileri bozan yok eden değiştiren kişi ifadesi ORICON kaynağına göre nasıl açıklanır?,oricon_genel_001900,True,True,True,True,True,True
182,Ceza Muhakemesi Hukuku alanında ceza konusunda Ceza muhakemeleri kanununa tutuklama kararına itiraz etme hakkı ifadesi ORICON kaynağına göre nasıl açıklanır?,oricon_ceza_muhakemesi_000029,True,True,True,True,True,True
183,Vergi Hukuku alanında Avukat konusunda Avukat müvekkilinin kendini başkalarını korumak amacıyla hareket ettiğini ifadesi ORICON kaynağına göre nasıl açıklanır?,oricon_vergi_000016,True,True,True,True,True,True
184,Genel hukuk / sınıflandırma bekliyor alanında işçi konusunda Yıllık Ücretli İzin Yönetmeliği nin inci maddesine işverenler ifadesi ORICON kaynağına göre nasıl açıklanır?,oricon_genel_001422,True,True,True,True,False,True
185,Genel hukuk / sınıflandırma bekliyor alanında işçi konusunda Boşta geçen süre ücreti işçinin dört aya doğmuş ifadesi ORICON kaynağına göre nasıl açıklanır?,oricon_genel_001738,True,True,True,True,True,True
186,Anayasa Hukuku ve Temel Haklar alanında eleştiri hakkı konusunda Demokratik toplumda eleştiri hakkının korunması kişilerin eleştiri yapma ifadesi ORICON kaynağına göre nasıl açıklanır?,oricon_anayasa_000006,True,True,True,True,True,True
187,Genel hukuk / sınıflandırma bekliyor alanında mal rejimi konusunda Edinilmiş mallara katılma rejimine eşler evlilik süresince edindikleri ifadesi ORICON kaynağına göre nasıl açıklanır?,oricon_genel_001771,True,True,True,True,True,True
188,Genel hukuk / sınıflandırma bekliyor alanında Senet düzenlenirken konusunda Senet düzenlenirken vade ödeme yeri kime kimin emrine ifadesi ORICON kaynağına göre nasıl açıklanır?,oricon_genel_001443,True,True,True,True,True,True
189,Genel hukuk / sınıflandırma bekliyor alanında Futbolcu alacakları konusunda Futbolcu alacakları detaylı bilgiye Profesyonel Futbolcu Alacaklarının Kulüplerden ifadesi ORICON kaynağına göre nasıl açıklanır?,oricon_genel_002028,True,True,True,True,True,True
190,İdare ve İdari Yargılama Hukuku; Medeni Hukuk - Miras/Aile/Eşya/Kişiler alanında tam yargı davası konusunda Tam yargı davası maddi nitelikte kayıpları kişilik haklarının ifadesi ORICON kaynağına göre nasıl açıklanır?,oricon_idare_medeni_000073,True,True,False,True,True,True
191,İdare ve İdari Yargılama Hukuku; Medeni Hukuk - Miras/Aile/Eşya/Kişiler; Anayasa Hukuku ve Temel Haklar alanında Kamulaştırma işlemlerinin yapılmaması konusunda Kamulaştırma işlemlerinin yapılmaması durumunda taşınmaz malikinin Anayasa güvence ifadesi ORICON kaynağına göre nasıl açıklanır?,oricon_idare_medeni_anayasa_000004,True,True,True,True,True,True
192,Genel hukuk / sınıflandırma bekliyor alanında Salgının devam etmesi konusunda Salgının devam etmesi halinde Cumhurbaşkanı durma süresini altı ifadesi ORICON kaynağına göre nasıl açıklanır?,oricon_genel_001384,True,True,True,True,True,True
193,Genel hukuk / sınıflandırma bekliyor alanında hüküm konusunda Ruhsat tarihinden itibaren iki yıl içinde inşaata başlanması ifadesi ORICON kaynağına göre nasıl açıklanır?,oricon_genel_000903,True,True,True,True,True,True
194,Genel hukuk / sınıflandırma bekliyor alanında İbranamenin geçersizliğine sebep durum konusunda İbranamenin geçersizliğine sebep durum uygulamada Yargıtay içtihatlarında çelişki ifadesi ORICON kaynağına göre nasıl açıklanır?,oricon_genel_002021,True,True,True,True,True,True
195,Genel hukuk / sınıflandırma bekliyor alanında ceza konusunda İdari para cezalarının belirlenmesinde ilgili cezayı ihdas eden ifadesi ORICON kaynağına göre nasıl açıklanır?,oricon_genel_000313,True,True,True,True,True,True
196,Medeni Hukuk - Miras/Aile/Eşya/Kişiler alanında Tapu iptal tescil davasının konusu konusunda Tapu iptal tescil davasının konusu taşınmazın devri işleminin ifadesi ORICON kaynağına göre nasıl açıklanır?,oricon_medeni_000407,True,True,False,False,True,True
197,Ticaret Hukuku alanında Dini nikah konusunda Dini nikah toplum nezdinde imam nikahı bilinir adayları ifadesi ORICON kaynağına göre nasıl açıklanır?,oricon_ticaret_000303,True,True,True,True,True,True
198,Genel hukuk / sınıflandırma bekliyor alanında Başvuru sürecini tamamlamak konusunda Başvuru sürecini tamamlamak online başvuru formunun eksiksiz doldurulmasının ifadesi ORICON kaynağına göre nasıl açıklanır?,oricon_genel_000338,True,True,True,True,True,True
199,Genel hukuk / sınıflandırma bekliyor alanında Kamu görevlisinin kararı uygulamaması konusunda Kamu görevlisinin kararı uygulamaması kastın varlığı yeterli görülmektedir ifadesi ORICON kaynağına göre nasıl açıklanır?,oricon_genel_001103,True,True,True,True,True,True
200,Genel hukuk / sınıflandırma bekliyor alanında türk vatandaşlığı konusunda Türk vatandaşları belirli şartları taşıdıkları takdirde yetkili merciden ifadesi ORICON kaynağına göre nasıl açıklanır?,oricon_genel_000425,True,True,True,True,True,True
201,Ticaret Hukuku alanında Çekin arkasına konusunda Çekin arkasına karşılıksızdır olduğunu belirten şerh ilgili banka ifadesi ORICON kaynağına göre nasıl açıklanır?,oricon_ticaret_000216,True,True,True,True,True,True
202,Medeni Hukuk - Miras/Aile/Eşya/Kişiler alanında ikamet izni konusunda İkamet izni almak gerekli belgeler arasında İkamet İzni ifadesi ORICON kaynağına göre nasıl açıklanır?,oricon_medeni_000134,True,True,True,True,True,True
203,Genel hukuk / sınıflandırma bekliyor alanında kentsel dönüşüm konusunda Riskli yapı tespiti riskli alan ilanı sürecinde itiraz ifadesi ORICON kaynağına göre nasıl açıklanır?,oricon_genel_000542,True,True,True,True,False,True
204,Medeni Hukuk - Miras/Aile/Eşya/Kişiler alanında Sınav kağıdının incelenmesi konusunda Sınav kağıdının incelenmesi dekan müdür biri sınavı yapan ifadesi ORICON kaynağına göre nasıl açıklanır?,oricon_medeni_000472,True,True,True,True,True,True
205,Anayasa Hukuku ve Temel Haklar alanında düşünce özgürlüğü konusunda Düşünce özgürlüğü düşünce kanaatlerin çeşitli yollarla açıklanabilmesi yayılması ifadesi ORICON kaynağına göre nasıl açıklanır?,oricon_anayasa_000036,True,True,False,True,True,True
206,Genel hukuk / sınıflandırma bekliyor alanında idari işlem konusunda İdari işlemin açıkça hukuka aykırılığı işlemin yalnızca hukuka ifadesi ORICON kaynağına göre nasıl açıklanır?,oricon_genel_000772,True,True,True,True,True,True
207,Genel hukuk / sınıflandırma bekliyor alanında Yargı süreçlerinin uzun sürmesi konusunda Yargı süreçlerinin uzun sürmesi şikayete konu hak ihlalinin ifadesi ORICON kaynağına göre nasıl açıklanır?,oricon_genel_000767,True,True,False,True,False,True
208,Genel hukuk / sınıflandırma bekliyor alanında İpoteğin bağlı alacak geçersiz konusunda İpoteğin bağlı olduğu alacak geçersiz iyiniyetli üçüncü kişi ifadesi ORICON kaynağına göre nasıl açıklanır?,oricon_genel_000362,True,True,False,False,True,True
209,Ticaret Hukuku alanında fesih konusunda Geçerli nedenle fesih halleri kanuna açıkça sayılmamış olup ifadesi ORICON kaynağına göre nasıl açıklanır?,oricon_ticaret_000257,True,True,True,True,True,True
210,Borçlar ve Sözleşmeler Hukuku; Medeni Hukuk - Miras/Aile/Eşya/Kişiler alanında Borçlunun iştirak konusunda Borçlunun iştirak halinde maliki olduğu taşınmazdaki hissesi haczedildiğinde ifadesi ORICON kaynağına göre nasıl açıklanır?,oricon_borclar_medeni_000076,True,True,True,True,True,True
211,Genel hukuk / sınıflandırma bekliyor alanında ölçülülük konusunda Koruma tedbirlerinde ölçülülük ilkesi Cumhuriyet savcısı tarafından sürekli ifadesi ORICON kaynağına göre nasıl açıklanır?,oricon_genel_000062,True,True,True,True,True,True
212,İcra ve İflas Hukuku; Borçlar ve Sözleşmeler Hukuku alanında temerrüt faizi konusunda Temerrüt faizi dava icra takibi borçlunun temerrüde düşürüldüğü ifadesi ORICON kaynağına göre nasıl açıklanır?,oricon_icra_iflas_borclar_000069,True,True,True,True,True,True
213,Genel hukuk / sınıflandırma bekliyor alanında Kumarın tanımında konusunda Kumarın tanımında kazanç elde etme amacının kazancın rastlantısal ifadesi ORICON kaynağına göre nasıl açıklanır?,oricon_genel_000193,True,True,False,True,True,True
214,Genel hukuk / sınıflandırma bekliyor alanında idari işlem konusunda İdari işlemlerin iptali ilgili fazla bilgiye İdari İşlemlerin ifadesi ORICON kaynağına göre nasıl açıklanır?,oricon_genel_001165,True,True,False,True,True,True
215,Genel hukuk / sınıflandırma bekliyor alanında Yargı süreçlerinin uzun sürmesi konusunda Yargı süreçlerinin uzun sürmesi şikayete konu hak ihlalinin ifadesi ORICON kaynağına göre nasıl açıklanır (ORICON - Genel hukuk / sınıflandırma bekliyor - oricon_genel_001892) ?,oricon_genel_001892,False,True,True,True,True,True
216,İcra ve İflas Hukuku alanında istirdat davası konusunda İstirdat davası açılabilmesi borcun icra takibi sırasında ödenmiş ifadesi ORICON kaynağına göre nasıl açıklanır?,oricon_icra_iflas_000037,True,True,True,True,True,True
217,Ticaret Hukuku alanında Araç değer kaybı hesaplamasında otomobil konusunda Araç değer kaybı hesaplamasında otomobil minibüs otobüs kamyon ifadesi ORICON kaynağına göre nasıl açıklanır?,oricon_ticaret_000388,True,True,True,True,True,True
218,Borçlar ve Sözleşmeler Hukuku alanında sözleşme konusunda Bağlantılı sözleşmenin geçersiz sayılmasına olabilecek durum eşyaların piyasa ifadesi ORICON kaynağına göre nasıl açıklanır?,oricon_borclar_000226,True,True,True,True,True,True
219,Genel hukuk / sınıflandırma bekliyor alanında Evlilik birliği devam etseydi elde konusunda Evlilik birliği devam etseydi elde edilecek maddi yararlar ifadesi ORICON kaynağına göre nasıl açıklanır?,oricon_genel_001777,True,True,True,True,True,True
220,İdare ve İdari Yargılama Hukuku; Medeni Hukuk - Miras/Aile/Eşya/Kişiler alanında İmar planı yeşil alan belirlenen konusunda İmar planı yeşil alan belirlenen taşınmazların malikleri ilgili ifadesi ORICON kaynağına göre nasıl açıklanır?,oricon_idare_medeni_000042,True,True,False,True,True,True
221,Ticaret Hukuku; Medeni Hukuk - Miras/Aile/Eşya/Kişiler alanında Ayıplı satılan ev konusunda Ayıplı satılan durumunda alıcı ayıp nedeniyle taşınmazı gerçek ifadesi ORICON kaynağına göre nasıl açıklanır?,oricon_ticaret_medeni_000047,True,True,True,True,True,True
222,Borçlar ve Sözleşmeler Hukuku alanında sözleşme konusunda Belirli süreli kira sözleşmelerinde sözleşme süresinin sonunda belirsiz ifadesi ORICON kaynağına göre nasıl açıklanır?,oricon_borclar_000105,True,True,False,True,True,True
223,Genel hukuk / sınıflandırma bekliyor alanında arabuluculuk konusunda Arabuluculukta tarafların anlaşamadığı durumlarda dava açılabilmesi mümkündür ifadesi ORICON kaynağına göre nasıl açıklanır?,oricon_genel_000302,False,True,False,True,True,True
224,Genel hukuk / sınıflandırma bekliyor alanında sebepsiz zenginleşme konusunda Sebepsiz zenginleşmede iade yükümlülüğünün kapsamını belirleyen önemli faktör ifadesi ORICON kaynağına göre nasıl açıklanır?,oricon_genel_000006,True,True,True,True,True,True
225,İcra ve İflas Hukuku alanında Profil incelemesi yoluyla failin tespitinde konusunda Profil incelemesi yoluyla failin tespitinde kişinin takip ettiği ifadesi ORICON kaynağına göre nasıl açıklanır?,oricon_icra_iflas_000099,True,True,True,True,True,True
226,Genel hukuk / sınıflandırma bekliyor alanında 6284 sayılı Kanun konusunda 6284 sayılı Kanun kapsamında şiddete karşı alınabilecek tedbirler ifadesi ORICON kaynağına göre nasıl açıklanır?,oricon_genel_000871,True,True,True,True,True,True
227,Genel hukuk / sınıflandırma bekliyor alanında Düzenleyici işlemin hukuka aykırılık doğurup konusunda Düzenleyici işlemin hukuka aykırılık doğurup doğurmadığı çoğunlukla ilan ifadesi ORICON kaynağına göre nasıl açıklanır?,oricon_genel_001065,True,True,True,True,True,True
228,Borçlar ve Sözleşmeler Hukuku alanında sözleşme konusunda açılacak davada tarafların iddialarını gerek kira sözleşmesinin gerekse ifadesi ORICON kaynağına göre nasıl açıklanır?,oricon_borclar_000230,True,True,True,True,True,True
229,İdare ve İdari Yargılama Hukuku; Medeni Hukuk - Miras/Aile/Eşya/Kişiler alanında Ecrimisil bedelinin hukuka uygun tespit konusunda Ecrimisil bedelinin hukuka uygun tespit edilebilmesi imar durumu ifadesi ORICON kaynağına göre nasıl açıklanır?,oricon_idare_medeni_000024,False,True,True,True,False,True
230,Medeni Hukuk - Miras/Aile/Eşya/Kişiler alanında Aile konutunun gayrimenkul edilmesi konusunda Aile konutunun gayrimenkul kabul edilmesi durumunda tapu iptal ifadesi ORICON kaynağına göre nasıl açıklanır?,oricon_medeni_000420,True,True,True,True,True,True
231,Genel hukuk / sınıflandırma bekliyor alanında Estetik amaçlı tıbbi müdahalelerin amacı konusunda Estetik amaçlı tıbbi müdahalelerin amacı kişide doğumdan itibaren ifadesi ORICON kaynağına göre nasıl açıklanır?,oricon_genel_001320,True,True,True,True,True,True
232,Genel hukuk / sınıflandırma bekliyor alanında Telif hakları konusunda Telif hakları zihinsel emeğin ürünü eserlerin korunmasını sağlar ifadesi ORICON kaynağına göre nasıl açıklanır?,oricon_genel_001753,True,True,True,True,True,True
233,Medeni Hukuk - Miras/Aile/Eşya/Kişiler alanında İntifa hakkının kurulabilmesi konusunda İntifa hakkının kurulabilmesi malik tarafından tapuya tescil talebiyle ifadesi ORICON kaynağına göre nasıl açıklanır?,oricon_medeni_000484,True,True,True,True,True,True
234,Yabancılar ve Vatandaşlık Hukuku alanında yabancı konusunda Adli sicil kaydına yalnızca Türk Mahkemeleri tarafından verilen ifadesi ORICON kaynağına göre nasıl açıklanır?,oricon_yabancilar_000006,True,True,True,True,True,True
235,Genel hukuk / sınıflandırma bekliyor alanında istinaf konusunda İstinaf mahkemesi yerel mahkeme kararının hukuka uygun olduğunu ifadesi ORICON kaynağına göre nasıl açıklanır?,oricon_genel_001556,True,True,True,True,True,True
236,Medeni Hukuk - Miras/Aile/Eşya/Kişiler alanında Parselasyon işlemi konusunda Parselasyon işlemi mevcut mülkiyet ilişkisi dikkate alınarak öncelikle ifadesi ORICON kaynağına göre nasıl açıklanır?,oricon_medeni_000286,True,True,True,True,True,True
237,Genel hukuk / sınıflandırma bekliyor alanında Yasadışı bahis konusunda Yasadışı bahis spor müsabakalarına dayalı sabit ihtimalli müşterek ifadesi ORICON kaynağına göre nasıl açıklanır?,oricon_genel_000188,True,True,True,True,True,True
238,Genel hukuk / sınıflandırma bekliyor alanında Doping kullanımı ilgili fazla bilgiye konusunda Doping kullanımı ilgili fazla bilgiye Sporda Doping Kullanımına ifadesi ORICON kaynağına göre nasıl açıklanır?,oricon_genel_002084,True,True,True,True,True,True
239,Ticaret Hukuku; Medeni Hukuk - Miras/Aile/Eşya/Kişiler alanında ipotek konusunda Gemi ipoteklerinin sona ermesi fazla bilgi almak isteyenler ifadesi ORICON kaynağına göre nasıl açıklanır?,oricon_ticaret_medeni_000038,True,True,True,True,True,True
240,İdare ve İdari Yargılama Hukuku alanında kentsel dönüşüm konusunda Mahkeme açılan davada yürütmenin durdurulması kararı verirse nihai ifadesi ORICON kaynağına göre nasıl açıklanır?,oricon_idare_000053,True,True,True,True,True,True
241,Borçlar ve Sözleşmeler Hukuku alanında Devren kiralık ifadesi konusunda Devren kiralık ifadesi işyerinin içindeki eşyalar birlikte yeni ifadesi ORICON kaynağına göre nasıl açıklanır?,oricon_borclar_000252,True,True,True,True,True,True
242,Genel hukuk / sınıflandırma bekliyor alanında belgenin hukuki değer taşıması konusunda belgenin hukuki değer taşıması belgede yer alan yazının ifadesi ORICON kaynağına göre nasıl açıklanır?,oricon_genel_000390,True,True,True,True,True,True
243,Genel hukuk / sınıflandırma bekliyor alanında Öngörülen aylık süre hak düşürücü konusunda Öngörülen aylık süre hak düşürücü süre olup mahkemece ifadesi ORICON kaynağına göre nasıl açıklanır?,oricon_genel_000579,True,True,False,True,True,True
244,Ceza Hukuku alanında hile konusunda Tarafların rüşvet anlaşmasını yaparken iradeleri tehdit şiddet hile ifadesi ORICON kaynağına göre nasıl açıklanır?,oricon_ceza_000078,True,True,True,True,True,True
245,Medeni Hukuk - Miras/Aile/Eşya/Kişiler alanında Paraya çevirme sonucu elde edilen konusunda Paraya çevirme sonucu elde edilen tutar rehinli alacaklılara ifadesi ORICON kaynağına göre nasıl açıklanır?,oricon_medeni_000026,True,True,True,True,True,True
246,İcra ve İflas Hukuku alanında Mahkeme konusunda Mahkeme malikin gerekli önlemleri almadığı durumda alacaklıya aylık ifadesi ORICON kaynağına göre nasıl açıklanır?,oricon_icra_iflas_000029,True,True,True,True,True,True
247,Genel hukuk / sınıflandırma bekliyor alanında idari işlem konusunda İdari işlemlere itiraz iptali fazla bilgi almak İdari ifadesi ORICON kaynağına göre nasıl açıklanır?,oricon_genel_000174,True,True,False,True,True,True
248,Medeni Hukuk - Miras/Aile/Eşya/Kişiler alanında Resmi vasiyetname düzenleyebilmek konusunda Resmi vasiyetname düzenleyebilmek vasiyet edenin tam zihinsel yeteneklere ifadesi ORICON kaynağına göre nasıl açıklanır?,oricon_medeni_000079,True,True,True,True,True,True
249,Genel hukuk / sınıflandırma bekliyor alanında İntifa hakkı sahibi konusunda İntifa hakkı sahibi malik karşısında terkin borcu altına ifadesi ORICON kaynağına göre nasıl açıklanır?,oricon_genel_001614,True,True,True,True,True,True
250,Genel hukuk / sınıflandırma bekliyor alanında ceza konusunda Kamu görevlisi fail kesinleşen cezanın infaz edilmesi yirmi ifadesi ORICON kaynağına göre nasıl açıklanır?,oricon_genel_001876,True,True,True,True,True,True
251,Genel hukuk / sınıflandırma bekliyor alanında fsek konusunda Fikir Sanat Eserleri Kanunu FSEK kapsamında eser sahibine ifadesi ORICON kaynağına göre nasıl açıklanır?,oricon_genel_001912,False,True,True,True,True,True
252,Vergi Hukuku; Borçlar ve Sözleşmeler Hukuku alanında Mahkeme dava süreçlerinde vekaleten temsil konusunda Mahkeme dava süreçlerinde vekaleten temsil yetkisi sadece avukat ifadesi ORICON kaynağına göre nasıl açıklanır?,oricon_vergi_borclar_000004,True,True,True,True,True,True
253,Borçlar ve Sözleşmeler Hukuku alanında tahliye konusunda Kiracının erken tahliye durumunda sorumluluktan kurtulabilmesi kendisi yerine ifadesi ORICON kaynağına göre nasıl açıklanır?,oricon_borclar_000337,True,True,True,True,True,True
254,Genel hukuk / sınıflandırma bekliyor alanında Yargıtay içtihatlarına ketmi verese olgusu konusunda Yargıtay içtihatlarına ketmi verese olgusu nedeniyle açılan davalar ifadesi ORICON kaynağına göre nasıl açıklanır?,oricon_genel_000863,True,True,False,False,True,True
255,Borçlar ve Sözleşmeler Hukuku; Medeni Hukuk - Miras/Aile/Eşya/Kişiler alanında hüküm konusunda Mirasçılar muvazaalı borç senedinin hükümsüzlüğü talebiyle açacakları davayı ifadesi ORICON kaynağına göre nasıl açıklanır?,oricon_borclar_medeni_000104,True,True,False,True,True,True
256,Ticaret Hukuku; İcra ve İflas Hukuku; Medeni Hukuk - Miras/Aile/Eşya/Kişiler alanında Paylı malın yok olması konusunda Paylı malın yok olması kamulaştırılması cebri icra yolu ifadesi ORICON kaynağına göre nasıl açıklanır?,oricon_ticaret_icra_iflas_medeni_000006,True,True,True,True,True,True
257,Genel hukuk / sınıflandırma bekliyor alanında hata konusunda Muhatap tebligatı yapacak ülkenin vatandaşıysa devletin diplomatik memurları ifadesi ORICON kaynağına göre nasıl açıklanır?,oricon_genel_001219,True,True,True,True,True,True
258,Genel hukuk / sınıflandırma bekliyor alanında sebepsiz zenginleşme konusunda Muris muvazaası hukuka aykırı değildir muvazaalı işlem geçersiz ifadesi ORICON kaynağına göre nasıl açıklanır?,oricon_genel_001637,True,True,True,True,True,True
259,Genel hukuk / sınıflandırma bekliyor alanında Riskli yapı tespit raporunda ilgili konusunda Riskli yapı tespit raporunda ilgili binanın Ulusal Adres ifadesi ORICON kaynağına göre nasıl açıklanır?,oricon_genel_001667,True,True,True,True,True,True
260,Ticaret Hukuku alanında Off hire klozu konusunda Off hire klozu gemiden yararlanılmamış sayılan hallerin düzenlenmesini ifadesi ORICON kaynağına göre nasıl açıklanır?,oricon_ticaret_000073,True,True,True,True,True,True
261,Ceza Muhakemesi Hukuku alanında Denetim gözetim yükümlülüğünü yerine getirmeyen konusunda Denetim gözetim yükümlülüğünü yerine getirmeyen kişiler sanık yargılanacakları ifadesi ORICON kaynağına göre nasıl açıklanır?,oricon_ceza_muhakemesi_000089,True,True,True,True,True,True
262,Ticaret Hukuku; Medeni Hukuk - Miras/Aile/Eşya/Kişiler alanında İpoteğin kaldırılması davası konusunda İpoteğin kaldırılması davası tapu kaydının düzeltilmesi davası anılmaktadır ifadesi ORICON kaynağına göre nasıl açıklanır?,oricon_ticaret_medeni_000020,True,True,True,True,True,True
263,Genel hukuk / sınıflandırma bekliyor alanında Yeni düzenlemeye Türkiye deki sosyal konusunda Yeni düzenlemeye Türkiye deki sosyal sağlayıcıları kullanıcı verilerini ifadesi ORICON kaynağına göre nasıl açıklanır?,oricon_genel_001298,True,True,True,True,True,True
264,Genel hukuk / sınıflandırma bekliyor alanında ceza konusunda Aleni olmayan söyleşiyi izinsiz kaydeden kişi altı aydan ifadesi ORICON kaynağına göre nasıl açıklanır?,oricon_genel_001235,True,True,True,True,True,True
265,Ticaret Hukuku alanında Uygulamada çek konusunda Uygulamada çek vadeli düzenlenmekte kredi aracı kullanılmaktadır çekin ifadesi ORICON kaynağına göre nasıl açıklanır?,oricon_ticaret_000211,True,True,True,True,True,True
266,Genel hukuk / sınıflandırma bekliyor alanında ceza konusunda tabip okula gitmek istemeyen öğrenci sahte rapor düzenlediğinde ifadesi ORICON kaynağına göre nasıl açıklanır?,oricon_genel_000392,True,True,True,True,True,True
267,Genel hukuk / sınıflandırma bekliyor alanında Müdafiin yalan beyandan kaçınması konusunda Müdafiin yalan beyandan kaçınması hem hukukun gerekliliklerine uymak ifadesi ORICON kaynağına göre nasıl açıklanır?,oricon_genel_000025,True,True,True,True,True,True
268,Borçlar ve Sözleşmeler Hukuku alanında tahliye konusunda Kiraya veren işyeri sahibinin erken tahliye nedeniyle kira ifadesi ORICON kaynağına göre nasıl açıklanır?,oricon_borclar_000233,True,True,True,True,True,True
269,Ticaret Hukuku; İdare ve İdari Yargılama Hukuku; Borçlar ve Sözleşmeler Hukuku alanında sözleşme konusunda Zaman çarteri sözleşmesinde geminin yalnızca ticari yönetimi çarterere ifadesi ORICON kaynağına göre nasıl açıklanır?,oricon_ticaret_idare_borclar_000002,True,True,True,True,True,True
270,Ticaret Hukuku alanında Tek gerçek kişinin gemiye sahip konusunda Tek gerçek kişinin gemiye sahip olması durumunda gemi ifadesi ORICON kaynağına göre nasıl açıklanır?,oricon_ticaret_000109,True,True,False,True,True,True
271,Tüketici Hukuku; İş ve Sosyal Güvenlik Hukuku; Ticaret Hukuku alanında arabulucu konusunda Ticari Davalar İş Davaları kıdem ihbar tazminatı fazla ifadesi ORICON kaynağına göre nasıl açıklanır?,oricon_tuketici_is_sgk_ticaret_000001,True,True,True,True,True,True
272,Borçlar ve Sözleşmeler Hukuku alanında Hukuki yarar konusunda Hukuki yarar borçlunun herhangi borç yüklenmemiş olsa bile ifadesi ORICON kaynağına göre nasıl açıklanır?,oricon_borclar_000129,True,True,True,True,True,True
273,Genel hukuk / sınıflandırma bekliyor alanında iptal davası konusunda İptal davasını açan kişi senetteki hakkı senetsiz ileri ifadesi ORICON kaynağına göre nasıl açıklanır?,oricon_genel_001476,True,True,True,True,True,True
274,Borçlar ve Sözleşmeler Hukuku alanında tazminat konusunda Malpraktis durumunda zarar gören hasta şartları varsa maddi ifadesi ORICON kaynağına göre nasıl açıklanır?,oricon_borclar_000268,True,True,True,True,True,True
275,Genel hukuk / sınıflandırma bekliyor alanında Sağ kalan eşin korunması geçimini konusunda Sağ kalan eşin korunması geçimini sağlayabilmesi konut güvencesi ifadesi ORICON kaynağına göre nasıl açıklanır?,oricon_genel_002003,True,True,True,True,True,True
276,Genel hukuk / sınıflandırma bekliyor alanında Alkol kullanımının trafik güvenliğini tehlikeye konusunda Alkol kullanımının trafik güvenliğini tehlikeye sokup sokmadığını belirlemek ifadesi ORICON kaynağına göre nasıl açıklanır?,oricon_genel_000066,True,True,True,True,True,True
277,Genel hukuk / sınıflandırma bekliyor alanında Doçentlik unvanı kazanma doçentlik kadrosuna konusunda Doçentlik unvanı kazanma doçentlik kadrosuna atanma işlemleri birbirinden ifadesi ORICON kaynağına göre nasıl açıklanır?,oricon_genel_001006,True,True,True,True,True,True
278,Genel hukuk / sınıflandırma bekliyor alanında yönetim kurulu konusunda Derneklerin zorunlu organları genel kurul yönetim kurulu denetim ifadesi ORICON kaynağına göre nasıl açıklanır?,oricon_genel_001946,True,True,True,True,False,True
279,Genel hukuk / sınıflandırma bekliyor alanında Savunma dilekçesinin verilmesi yahut savunma konusunda Savunma dilekçesinin verilmesi yahut savunma süresinin geçmesi dosya ifadesi ORICON kaynağına göre nasıl açıklanır?,oricon_genel_000167,True,True,True,True,True,True
280,Ticaret Hukuku alanında Hukuk davalarında mesajlaşmanın gerçekliğinin tespit konusunda Hukuk davalarında mesajlaşmanın gerçekliğinin tespit edilmesi bilirkişiye telefonun ifadesi ORICON kaynağına göre nasıl açıklanır?,oricon_ticaret_000297,True,True,True,True,True,True
281,Genel hukuk / sınıflandırma bekliyor alanında Eşler arasındaki sadakat yükümlülüğünün ihlali konusunda Eşler arasındaki sadakat yükümlülüğünün ihlali durumunda başka türlü ifadesi ORICON kaynağına göre nasıl açıklanır?,oricon_genel_001238,True,True,True,True,True,True
282,İdare ve İdari Yargılama Hukuku; Medeni Hukuk - Miras/Aile/Eşya/Kişiler alanında Mülkiyet hakkı kısıtlanan malik konusunda Mülkiyet hakkı kısıtlanan malik kanunun yürürlük tarihinden itibaren ifadesi ORICON kaynağına göre nasıl açıklanır?,oricon_idare_medeni_000068,True,True,True,True,True,True
283,Medeni Hukuk - Miras/Aile/Eşya/Kişiler alanında Taşınmaz mal sahibi konusunda Taşınmaz mal sahibi meşruhatlı davetiyeyi tebliğ aldıktan sonra ifadesi ORICON kaynağına göre nasıl açıklanır?,oricon_medeni_000521,True,True,True,True,True,True
284,Genel hukuk / sınıflandırma bekliyor alanında Tanıma beyanı tek taraflı hukuki konusunda Tanıma beyanı tek taraflı hukuki işlem olduğu kural ifadesi ORICON kaynağına göre nasıl açıklanır?,oricon_genel_001387,True,True,True,True,True,True
285,Anayasa Hukuku ve Temel Haklar alanında temel hak ve özgürlükler konusunda Anayasanın ifadesi ORICON kaynağına göre nasıl açıklanır?,oricon_anayasa_000020,False,True,False,True,True,True
286,Ticaret Hukuku alanında ticaret konusunda Ticaret unvanının devri ilgili fazla bilgi Markanın Tescili ifadesi ORICON kaynağına göre nasıl açıklanır?,oricon_ticaret_000370,True,True,True,True,True,True
287,İş ve Sosyal Güvenlik Hukuku alanında işveren konusunda İşten çıkarılma durumunda geçersiz sayılan nedenler arasında sendika ifadesi ORICON kaynağına göre nasıl açıklanır?,oricon_is_sgk_000044,True,True,True,True,True,True
288,İdare ve İdari Yargılama Hukuku alanında Jüri üyelerinin oluşturulması konusunda Jüri üyelerinin oluşturulması işlem değil tek başına idari ifadesi ORICON kaynağına göre nasıl açıklanır?,oricon_idare_000123,True,True,True,True,True,True
289,Genel hukuk / sınıflandırma bekliyor alanında Hakim konusunda Hakim ebeveynlerin çocuk bağını değerlendirirken uzman bilirkişilerden pedagoglardan ifadesi ORICON kaynağına göre nasıl açıklanır?,oricon_genel_001789,True,True,True,True,True,True
290,Genel hukuk / sınıflandırma bekliyor alanında Çıkma izni almak konusunda Çıkma izni almak kişinin birtakım belgeler beraber başvuruda ifadesi ORICON kaynağına göre nasıl açıklanır?,oricon_genel_000922,True,True,True,True,True,True
291,Genel hukuk / sınıflandırma bekliyor alanında Özlük dosyası konusunda Özlük dosyası memurların kademe ilerlemeleri derece yükselmeleri emekliye ifadesi ORICON kaynağına göre nasıl açıklanır?,oricon_genel_001129,True,True,True,True,True,True
292,Medeni Hukuk - Miras/Aile/Eşya/Kişiler alanında soybağı konusunda Tanıma işlemi kurucu yenilik doğuran tek taraflı hukuki ifadesi ORICON kaynağına göre nasıl açıklanır?,oricon_medeni_000364,True,True,True,True,True,True
293,Genel hukuk / sınıflandırma bekliyor alanında türk vatandaşlığı konusunda Mavi Kart doğumla Türk vatandaşı olup çıkma izni ifadesi ORICON kaynağına göre nasıl açıklanır?,oricon_genel_000917,True,True,True,True,True,True
294,Ticaret Hukuku alanında Çekin getirilmesi konusunda Çekin getirilmesi belirlenen süre yıl olup süre mahkemece ifadesi ORICON kaynağına göre nasıl açıklanır?,oricon_ticaret_000358,True,True,True,True,True,True
295,Ceza Muhakemesi Hukuku alanında soruşturma konusunda Soruşturma evresinde Cumhuriyet savcısı kovuşturma evresinde mahkeme tutuklunun ifadesi ORICON kaynağına göre nasıl açıklanır?,oricon_ceza_muhakemesi_000028,True,True,True,True,True,True
296,İdare ve İdari Yargılama Hukuku alanında İdarenin imar planını hazırlamadan önce konusunda İdarenin imar planını hazırlamadan önce yapması gereken hazırlıkları ifadesi ORICON kaynağına göre nasıl açıklanır?,oricon_idare_000200,True,True,True,True,True,True
297,Borçlar ve Sözleşmeler Hukuku alanında hata konusunda Mahkeme kararında tarafların eşit kusurlu kabul edilmesinin hatalı ifadesi ORICON kaynağına göre nasıl açıklanır?,oricon_borclar_000169,True,True,True,True,True,True
298,Genel hukuk / sınıflandırma bekliyor alanında İşe iade davasında sürelere uyulmaması konusunda İşe iade davasında sürelere uyulmaması durumunda dava usulden ifadesi ORICON kaynağına göre nasıl açıklanır?,oricon_genel_001851,True,True,True,True,True,True
299,Ticaret Hukuku; Borçlar ve Sözleşmeler Hukuku alanında Vekalet görevinin kötüye kullanılması konusunda Vekalet görevinin kötüye kullanılması durumunda gerçek hak sahibi ifadesi ORICON kaynağına göre nasıl açıklanır?,oricon_ticaret_borclar_000089,True,True,True,True,True,True
300,Genel hukuk / sınıflandırma bekliyor alanında Taraflar arasında makul süre konusunda konusunda Taraflar arasında makul süre konusunda anlaşmazlık olduğunda makul ifadesi ORICON kaynağına göre nasıl açıklanır?,oricon_genel_001310,True,True,True,True,True,True
301,Genel hukuk / sınıflandırma bekliyor alanında Alacaklının geri verme yükümlülüğünün doğması konusunda Alacaklının geri verme yükümlülüğünün doğması alacağının tamamını elde ifadesi ORICON kaynağına göre nasıl açıklanır?,oricon_genel_000022,True,True,True,True,True,True
302,Genel hukuk / sınıflandırma bekliyor alanında İhtar şartı aranmadığı durumlarda dürüstlük konusunda İhtar şartı aranmadığı durumlarda dürüstlük kurallarına aykırılık olmadığı ifadesi ORICON kaynağına göre nasıl açıklanır?,oricon_genel_000490,True,True,True,True,True,True
303,Ticaret Hukuku; Borçlar ve Sözleşmeler Hukuku alanında Gemilere ilişkin ilamların kesinleşmesi konusunda Gemilere ilişkin ilamların kesinleşmesi yalnızca geminin ayni haklarına ifadesi ORICON kaynağına göre nasıl açıklanır?,oricon_ticaret_borclar_000051,True,True,True,True,True,True
304,Ticaret Hukuku alanında Türk gemileri konusunda Türk gemileri gerekli şartların sağlanması halinde Türk Uluslararası ifadesi ORICON kaynağına göre nasıl açıklanır?,oricon_ticaret_000101,True,True,True,True,True,True
305,Ticaret Hukuku alanında fesih konusunda Futbolcu haklı fesih sebebi oluşturan durumla karşılaştığında öncelikle ifadesi ORICON kaynağına göre nasıl açıklanır?,oricon_ticaret_000457,True,True,True,True,True,True
306,Genel hukuk / sınıflandırma bekliyor alanında Belge kavramının tanımında konusunda Belge kavramının tanımında yazılı olması okunabilir olması hukuki ifadesi ORICON kaynağına göre nasıl açıklanır?,oricon_genel_000389,True,True,True,True,False,True
307,Medeni Hukuk - Miras/Aile/Eşya/Kişiler alanında İstihkak davasında ayni hakka konusunda İstihkak davasında ayni hakka yani mülkiyet hakkına dayanılması ifadesi ORICON kaynağına göre nasıl açıklanır?,oricon_medeni_000008,True,True,False,True,True,True
308,İdare ve İdari Yargılama Hukuku alanında idari yargı konusunda Öğrenci itiraz prosedürünü uyguladıktan sonra tatmin edici alamazsa ifadesi ORICON kaynağına göre nasıl açıklanır?,oricon_idare_000293,True,True,True,True,True,True
309,Genel hukuk / sınıflandırma bekliyor alanında Muris muvazaasında gizli işlemin tarafların konusunda Muris muvazaasında gizli işlemin tarafların iradeleriyle uyumlu olması ifadesi ORICON kaynağına göre nasıl açıklanır?,oricon_genel_001638,True,True,True,True,True,True
310,Genel hukuk / sınıflandırma bekliyor alanında Kesinleşen değer konusunda Kesinleşen değer aynı usulle ilan edilir ilgilisine tebliğ ifadesi ORICON kaynağına göre nasıl açıklanır?,oricon_genel_001490,True,True,True,True,True,True
311,Genel hukuk / sınıflandırma bekliyor alanında ihalenin iptal sebebi içerip içermediğini konusunda ihalenin iptal sebebi içerip içermediğini anlamak ihalenin usule ifadesi ORICON kaynağına göre nasıl açıklanır?,oricon_genel_001079,True,True,True,True,True,True
312,Genel hukuk / sınıflandırma bekliyor alanında İnşaat konusunda İnşaat halinde olup ikamet edilmeyen yapılar terk edilmiş ifadesi ORICON kaynağına göre nasıl açıklanır?,oricon_genel_001025,True,True,True,True,True,True
313,Genel hukuk / sınıflandırma bekliyor alanında işçi konusunda İşçinin sürekli aynı işverene bağlı çalışmak zorunda olmaması ifadesi ORICON kaynağına göre nasıl açıklanır?,oricon_genel_002067,True,True,True,True,True,True
314,İdare ve İdari Yargılama Hukuku alanında Mahkemenin konusunda Mahkemenin davacının aktif dava ehliyetinin bulunduğunu kabul ederek ifadesi ORICON kaynağına göre nasıl açıklanır?,oricon_idare_000282,True,True,True,True,True,True
315,Genel hukuk / sınıflandırma bekliyor alanında Riskli yapının yıktırılması sonrasında malikler konusunda Riskli yapının yıktırılması sonrasında malikler yeniden bina inşa ifadesi ORICON kaynağına göre nasıl açıklanır?,oricon_genel_000713,True,True,True,True,True,True
316,Ceza Hukuku; Borçlar ve Sözleşmeler Hukuku alanında sözleşme konusunda İşveren işçinin hırsızlık yapması güveni kötüye kullanması meslek ifadesi ORICON kaynağına göre nasıl açıklanır?,oricon_ceza_borclar_000005,True,True,True,True,True,True
317,Genel hukuk / sınıflandırma bekliyor alanında Eşler mal paylaşımına ilişkin talepte konusunda Eşler mal paylaşımına ilişkin talepte bulunmayacaklarını ifade ederse ifadesi ORICON kaynağına göre nasıl açıklanır?,oricon_genel_001803,True,True,True,True,True,True
318,Genel hukuk / sınıflandırma bekliyor alanında Haksız şartların edilebilmesi konusunda Haksız şartların kabul edilebilmesi haksız şartın temel koşulları ifadesi ORICON kaynağına göre nasıl açıklanır?,oricon_genel_001516,True,True,True,True,True,True
319,Genel hukuk / sınıflandırma bekliyor alanında Oturma izni almak konusunda Oturma izni almak ikamet sistemi üzerinden başvuru yapılması ifadesi ORICON kaynağına göre nasıl açıklanır?,oricon_genel_000334,True,True,False,True,True,True
320,İdare ve İdari Yargılama Hukuku alanında Kamulaştırmasız el atma davalarında hangi konusunda Kamulaştırmasız atma davalarında mahkemenin görevli olduğu mevzuatta yapılan ifadesi ORICON kaynağına göre nasıl açıklanır?,oricon_idare_000244,True,True,False,False,False,True
321,Medeni Hukuk - Miras/Aile/Eşya/Kişiler alanında hukuki el atma konusunda Hukuki atma durumunda mülkiyet hakkı taşınmaz malikinin üzerinde ifadesi ORICON kaynağına göre nasıl açıklanır?,oricon_medeni_000299,True,True,True,True,True,True
322,Borçlar ve Sözleşmeler Hukuku alanında arsa sahibi konusunda Arsa sahibinin taahhüdü belirli arsa payını müteahhide satmayı ifadesi ORICON kaynağına göre nasıl açıklanır?,oricon_borclar_000310,True,True,True,True,True,True
323,Ceza Muhakemesi Hukuku alanında HAGB kurumunun iptal edilmesi konusunda HAGB kurumunun iptal edilmesi kamu otoritesinin keyfi kullanımlarının ifadesi ORICON kaynağına göre nasıl açıklanır?,oricon_ceza_muhakemesi_000019,True,True,True,True,True,True
324,İcra ve İflas Hukuku alanında Konkordato konusunda Konkordato yapılma biçimine yapılış zamanına yapılış amacına ayrıma ifadesi ORICON kaynağına göre nasıl açıklanır?,oricon_icra_iflas_000092,True,True,True,True,True,True
325,Ticaret Hukuku alanında arabuluculuk konusunda Arabuluculuk sürecinin gizlilik ilkesi özellikle ticari hayatta tarafların ifadesi ORICON kaynağına göre nasıl açıklanır?,oricon_ticaret_000036,True,True,True,True,True,True
326,Medeni Hukuk - Miras/Aile/Eşya/Kişiler alanında miras konusunda Ketmi verese olgusu gerçeği yansıtmayan mirasçılık belgelerine dayalı ifadesi ORICON kaynağına göre nasıl açıklanır?,oricon_medeni_000255,True,True,True,True,True,True
327,Genel hukuk / sınıflandırma bekliyor alanında İdarenin hukuka uygun olmayan kararlarına konusunda İdarenin hukuka uygun olmayan kararlarına karşı hak sahipleri ifadesi ORICON kaynağına göre nasıl açıklanır?,oricon_genel_000987,True,True,True,True,True,True
328,Genel hukuk / sınıflandırma bekliyor alanında hüküm konusunda Feragat beyanının hüküm doğurması davanın karşı tarafının izin ifadesi ORICON kaynağına göre nasıl açıklanır?,oricon_genel_000628,True,True,True,True,True,True
329,Genel hukuk / sınıflandırma bekliyor alanında İcra müdürü konusunda İcra müdürü artırma bittikten sonraki ilk gününde artırmanın ifadesi ORICON kaynağına göre nasıl açıklanır?,oricon_genel_001714,True,True,True,True,True,True
330,Genel hukuk / sınıflandırma bekliyor alanında Evlilik türleri ilgili fazla bilgi konusunda Evlilik türleri ilgili fazla bilgi edinmek isteyenler Dini ifadesi ORICON kaynağına göre nasıl açıklanır?,oricon_genel_001583,True,True,True,True,True,True
331,Medeni Hukuk - Miras/Aile/Eşya/Kişiler alanında Mal ortaklığı rejiminde eşlerden biri konusunda Mal ortaklığı rejiminde eşlerden biri diğerinin rızası olmadan ifadesi ORICON kaynağına göre nasıl açıklanır?,oricon_medeni_000467,True,True,False,True,True,True
332,Ticaret Hukuku alanında Eşlerden birinin zina eyleminde bulunabilmesi konusunda Eşlerden birinin zina eyleminde bulunabilmesi evlilik birliği süresi ifadesi ORICON kaynağına göre nasıl açıklanır?,oricon_ticaret_000425,True,True,True,True,True,True
333,Ticaret Hukuku; Ceza Muhakemesi Hukuku alanında ticaret konusunda Seri muhakeme usulü şüphelinin müdafi huzurunda usulün uygulanmasını ifadesi ORICON kaynağına göre nasıl açıklanır?,oricon_ticaret_ceza_muhakemesi_000003,True,True,False,True,True,True
334,Ticaret Hukuku; İdare ve İdari Yargılama Hukuku; Borçlar ve Sözleşmeler Hukuku alanında kira bedeli konusunda Gemi ipoteği kapsamına gemi gemi payı kira bedeli ifadesi ORICON kaynağına göre nasıl açıklanır?,oricon_ticaret_idare_borclar_000003,True,True,False,True,True,True
335,İdare ve İdari Yargılama Hukuku alanında Dava açma süresinin başlangıcı konusunda Dava açma süresinin başlangıcı zarara yol açan olayın ifadesi ORICON kaynağına göre nasıl açıklanır?,oricon_idare_000304,True,True,True,True,True,True
336,Genel hukuk / sınıflandırma bekliyor alanında Devralan konusunda Devralan bildirim duyuru tarihinden itibaren alacaklılara üçüncü kişilere ifadesi ORICON kaynağına göre nasıl açıklanır?,oricon_genel_001493,True,True,True,True,True,True
337,Genel hukuk / sınıflandırma bekliyor alanında idari işlem konusunda İdari işlemlerin iptali yetki şekil sebep konu amaç ifadesi ORICON kaynağına göre nasıl açıklanır?,oricon_genel_000991,False,True,False,False,True,True
338,Borçlar ve Sözleşmeler Hukuku; Medeni Hukuk - Miras/Aile/Eşya/Kişiler alanında sözleşme konusunda Zilyetliğin devri halleri malın teslimi araçların teslimi zilyetlik ifadesi ORICON kaynağına göre nasıl açıklanır?,oricon_borclar_medeni_000114,True,True,True,True,False,True
339,Anayasa Hukuku ve Temel Haklar alanında pasaport tahdidi konusunda Pasaport tahdidi işlemi Anayasal koruma altındaki bazı hakları ifadesi ORICON kaynağına göre nasıl açıklanır?,oricon_anayasa_000018,True,True,True,True,True,True
340,Borçlar ve Sözleşmeler Hukuku alanında sözleşme konusunda Futbol menajeri olabilmek TFF FIFA diğer ülke federasyonları ifadesi ORICON kaynağına göre nasıl açıklanır?,oricon_borclar_000407,True,True,True,True,True,True
341,İcra ve İflas Hukuku alanında Konkordato sürecinde mahkeme konkordato komiserinin konusunda Konkordato sürecinde mahkeme konkordato komiserinin talep edebileceği belgeler ifadesi ORICON kaynağına göre nasıl açıklanır?,oricon_icra_iflas_000098,True,True,True,True,True,True
342,Borçlar ve Sözleşmeler Hukuku alanında sözleşme konusunda 6306 sayılı kanun kapsamında müteahhidin temerrüdü nedeniyle inşaat ifadesi ORICON kaynağına göre nasıl açıklanır?,oricon_borclar_000161,True,True,True,True,True,True
343,Genel hukuk / sınıflandırma bekliyor alanında Yurt dışına gönderilecek evrak konusunda Yurt dışına gönderilecek evrak öncelikle tebligatı çıkaran merciin ifadesi ORICON kaynağına göre nasıl açıklanır?,oricon_genel_001189,True,True,True,True,True,True
344,Genel hukuk / sınıflandırma bekliyor alanında aldatma konusunda Zina eylemini öğrendikten sonra uzun süre evliliğin sürdürülmesi ifadesi ORICON kaynağına göre nasıl açıklanır?,oricon_genel_001834,True,True,True,True,True,True
345,İcra ve İflas Hukuku alanında haciz konusunda Maaş haczi diğer hacizler kanunda öngörülmüş alacak tahsil ifadesi ORICON kaynağına göre nasıl açıklanır?,oricon_icra_iflas_000110,True,True,True,True,True,True
346,Genel hukuk / sınıflandırma bekliyor alanında Türk Tabipler Birliği nin Hekimlik konusunda Türk Tabipler Birliği nin Hekimlik Meslek Etiği Kuralları ifadesi ORICON kaynağına göre nasıl açıklanır?,oricon_genel_001763,True,True,True,True,True,True
347,Genel hukuk / sınıflandırma bekliyor alanında marka konusunda Marka tescil başvurusu eksik belgeler tamamlanmadığı takdirde TPMK ifadesi ORICON kaynağına göre nasıl açıklanır?,oricon_genel_001911,True,True,True,True,True,True
348,Borçlar ve Sözleşmeler Hukuku; Medeni Hukuk - Miras/Aile/Eşya/Kişiler alanında sözleşme konusunda Rehinli malın zilyetliği alacaklıya taraflar sözleşmede kararlaştırmışlarsa üçüncü ifadesi ORICON kaynağına göre nasıl açıklanır?,oricon_borclar_medeni_000007,True,True,True,True,True,True
349,Genel hukuk / sınıflandırma bekliyor alanında ipotek konusunda İpotekli alacaklı önlem yapmış olduğu giderleri malikten isteyebilir ifadesi ORICON kaynağına göre nasıl açıklanır?,oricon_genel_000370,True,True,True,True,True,True
350,Vergi Hukuku; Borçlar ve Sözleşmeler Hukuku alanında Adli sicil kaydını sildirmek isteyen konusunda Adli sicil kaydını sildirmek isteyen kişi başvuruyu bizzat ifadesi ORICON kaynağına göre nasıl açıklanır?,oricon_vergi_borclar_000002,True,True,True,True,True,True
351,Borçlar ve Sözleşmeler Hukuku; Medeni Hukuk - Miras/Aile/Eşya/Kişiler alanında sözleşme konusunda Vasiyetname miras sözleşmesinin şekil şartına ilişkin uygulanacak hukuk ifadesi ORICON kaynağına göre nasıl açıklanır?,oricon_borclar_medeni_000086,True,True,True,True,True,True
352,Genel hukuk / sınıflandırma bekliyor alanında Fiili envanterin yapılmasının gerekliliği konusunda Fiili envanterin yapılmasının gerekliliği incelemeyi yapan tarafından tasdik ifadesi ORICON kaynağına göre nasıl açıklanır?,oricon_genel_001200,True,True,True,True,True,True
353,Medeni Hukuk - Miras/Aile/Eşya/Kişiler alanında görevli mahkeme konusunda Aile Mahkemesi bulunmayan illerde görevli mahkeme Asliye Hukuk ifadesi ORICON kaynağına göre nasıl açıklanır?,oricon_medeni_000644,True,True,False,True,False,True
354,Genel hukuk / sınıflandırma bekliyor alanında Evlilik birliği sona erdikten sonra konusunda Evlilik birliği sona erdikten sonra eşlerin yardımlaşma giderlere ifadesi ORICON kaynağına göre nasıl açıklanır?,oricon_genel_001934,True,True,True,True,True,True
355,Ceza Hukuku alanında ceza konusunda Taksirle işlenen fiillerin cezalandırılması kanunun açıkça belirttiği llere ifadesi ORICON kaynağına göre nasıl açıklanır?,oricon_ceza_000153,True,True,True,True,True,True
356,İş ve Sosyal Güvenlik Hukuku alanında Ecrimisil ihbarnamesinde yer alan tespitlerin konusunda Ecrimisil ihbarnamesinde yer alan tespitlerin hukuka uygun olup ifadesi ORICON kaynağına göre nasıl açıklanır?,oricon_is_sgk_000023,True,True,True,True,True,True
357,Ticaret Hukuku; İcra ve İflas Hukuku; Borçlar ve Sözleşmeler Hukuku alanında haciz konusunda Fiili haciz borçlunun mallarına fiilen konulması haciz tutanağının ifadesi ORICON kaynağına göre nasıl açıklanır?,oricon_ticaret_icra_iflas_borclar_000010,True,True,True,True,True,True
358,Borçlar ve Sözleşmeler Hukuku alanında sözleşme konusunda Banka kredisi sözleşmesinde haksız şart değerlendirilen unsurlar arasında ifadesi ORICON kaynağına göre nasıl açıklanır?,oricon_borclar_000301,True,True,True,True,True,True
359,Medeni Hukuk - Miras/Aile/Eşya/Kişiler alanında miras konusunda yazılı vasiyetnamenin geçerliliği yapıldığı yıl gün gösterilerek başından ifadesi ORICON kaynağına göre nasıl açıklanır?,oricon_medeni_000110,False,True,True,True,False,True
360,Medeni Hukuk - Miras/Aile/Eşya/Kişiler alanında Sahte belgelerle yapılan tapu işlemlerinde konusunda Sahte belgelerle yapılan tapu işlemlerinde devletin sorumluluğu kullanılan ifadesi ORICON kaynağına göre nasıl açıklanır?,oricon_medeni_000442,True,True,True,True,True,True
361,Medeni Hukuk - Miras/Aile/Eşya/Kişiler alanında Tapusuz taşınmazların devri konusunda Tapusuz taşınmazların devri ortada hak sahibini gösteren tapu ifadesi ORICON kaynağına göre nasıl açıklanır?,oricon_medeni_000493,True,True,False,True,True,True
362,İcra ve İflas Hukuku; Borçlar ve Sözleşmeler Hukuku alanında işçi konusunda Konkordato kararının işçilerin ekonomik durumuna etkisi borçlu konumundaki ifadesi ORICON kaynağına göre nasıl açıklanır?,oricon_icra_iflas_borclar_000049,True,True,True,True,True,True
363,Genel hukuk / sınıflandırma bekliyor alanında Geçersiz genel işlem koşulunun uygulanması konusunda Geçersiz genel işlem koşulunun uygulanması sonucunda zarar gören ifadesi ORICON kaynağına göre nasıl açıklanır?,oricon_genel_001176,True,True,True,True,True,True
364,Medeni Hukuk - Miras/Aile/Eşya/Kişiler alanında Ortaklığın giderilmesi davası açmak konusunda Ortaklığın giderilmesi davası açmak alacaklıya terekedeki birden fazla ifadesi ORICON kaynağına göre nasıl açıklanır?,oricon_medeni_000251,True,True,True,True,True,True
365,Genel hukuk / sınıflandırma bekliyor alanında aidat konusunda Fahiş aidat bedeline itiraz edilmiş olması fahiş bedelin ifadesi ORICON kaynağına göre nasıl açıklanır?,oricon_genel_000595,True,True,True,True,True,True
366,Ticaret Hukuku; Medeni Hukuk - Miras/Aile/Eşya/Kişiler alanında Yargıtay konusunda Yargıtay tapuya kayıtlı olmayan taşınmazların devrinin menkul mallarda ifadesi ORICON kaynağına göre nasıl açıklanır?,oricon_ticaret_medeni_000098,True,True,True,True,True,True
367,Genel hukuk / sınıflandırma bekliyor alanında Zarara uğrayan kişi konusunda Zarara uğrayan kişi içerik yer sağlayıcısını uyararak içeriğin ifadesi ORICON kaynağına göre nasıl açıklanır?,oricon_genel_001266,True,True,True,True,True,True
368,Genel hukuk / sınıflandırma bekliyor alanında Mülki amir tarafından verilebilecek koruyucu konusunda Mülki amir tarafından verilebilecek koruyucu tedbirler arasında uygun ifadesi ORICON kaynağına göre nasıl açıklanır?,oricon_genel_000876,True,True,True,True,True,True
369,Genel hukuk / sınıflandırma bekliyor alanında İnternet sosyal medya kullanıcılarının hukuka konusunda İnternet sosyal medya kullanıcılarının hukuka aykırı davranışlarda bulunma ifadesi ORICON kaynağına göre nasıl açıklanır?,oricon_genel_001262,True,True,True,True,True,True
370,Ticaret Hukuku; Medeni Hukuk - Miras/Aile/Eşya/Kişiler alanında miras konusunda Mirasçılık belgesi talebinin zamanaşımına tabi olmadığı metinde açıklanmaktadır ifadesi ORICON kaynağına göre nasıl açıklanır?,oricon_ticaret_medeni_000066,True,True,True,True,True,True
371,İdare ve İdari Yargılama Hukuku alanında Kamulaştırma işlemlerinin hukuka uygun olması konusunda Kamulaştırma işlemlerinin hukuka uygun olması imar planlarına uygun ifadesi ORICON kaynağına göre nasıl açıklanır?,oricon_idare_000221,True,True,True,True,True,True
372,İdare ve İdari Yargılama Hukuku alanında Memurluğa alınma şartlarını taşımadığı sonradan konusunda Memurluğa alınma şartlarını taşımadığı sonradan anlaşılan kişinin memurluğunun ifadesi ORICON kaynağına göre nasıl açıklanır?,oricon_idare_000106,True,True,True,True,True,True
373,Borçlar ve Sözleşmeler Hukuku; Medeni Hukuk - Miras/Aile/Eşya/Kişiler alanında Paraya çevrilen taşınmazdan alacaklı konusunda Paraya çevrilen taşınmazdan alacaklı alacağını alır kalan para ifadesi ORICON kaynağına göre nasıl açıklanır?,oricon_borclar_medeni_000037,True,True,True,True,True,True
374,Medeni Hukuk - Miras/Aile/Eşya/Kişiler alanında mal rejimi konusunda Evlilik süresince aile konutuna dair korumalar mal rejimi ifadesi ORICON kaynağına göre nasıl açıklanır?,oricon_medeni_000547,True,True,False,False,True,True
375,Borçlar ve Sözleşmeler Hukuku alanında tazminat konusunda Manevi tazminat talep etme hakkı fiziksel psikolojik acı ifadesi ORICON kaynağına göre nasıl açıklanır?,oricon_borclar_000150,True,True,True,True,True,True
376,Borçlar ve Sözleşmeler Hukuku; Medeni Hukuk - Miras/Aile/Eşya/Kişiler alanında tahliye konusunda yıllık kiracının tahliyesi davasında görevli mahkeme Sulh Hukuk ifadesi ORICON kaynağına göre nasıl açıklanır?,oricon_borclar_medeni_000149,False,True,True,True,False,True
377,Ticaret Hukuku; Ceza Muhakemesi Hukuku; Medeni Hukuk - Miras/Aile/Eşya/Kişiler alanında soruşturma konusunda Soruşturma memurları taşınmazın durumunu incelemek taşınmazın ölçülmesi sınırlarının ifadesi ORICON kaynağına göre nasıl açıklanır?,oricon_ticaret_ceza_muhakemesi_medeni_000001,True,True,True,True,False,True
378,Genel hukuk / sınıflandırma bekliyor alanında Yargıtay konusunda Yargıtay davalının çalışmadığı sorumsuz olduğu durumlarda taraflar arasında ifadesi ORICON kaynağına göre nasıl açıklanır?,oricon_genel_001983,True,True,True,True,True,True
379,Medeni Hukuk - Miras/Aile/Eşya/Kişiler alanında Düzenlemenin yürürlüğe girdiği tarihten önce konusunda Düzenlemenin yürürlüğe girdiği tarihten önce evlenen kadınlar bekarlık ifadesi ORICON kaynağına göre nasıl açıklanır?,oricon_medeni_000770,True,True,True,True,True,True
380,Ticaret Hukuku alanında Evliliğin diğer eş bakımından çekilmez konusunda Evliliğin diğer bakımından çekilmez hale geldiği tanık beyanları ifadesi ORICON kaynağına göre nasıl açıklanır?,oricon_ticaret_000416,True,True,True,True,True,True
381,Borçlar ve Sözleşmeler Hukuku alanında Kiracıların intifa hakkı sahiplerinin arsa konusunda Kiracıların intifa hakkı sahiplerinin arsa payının düzeltilmesi davasında ifadesi ORICON kaynağına göre nasıl açıklanır?,oricon_borclar_000408,True,True,False,True,True,True
382,Medeni Hukuk - Miras/Aile/Eşya/Kişiler alanında Hükmen reddin söz konusu durumlarda konusunda Hükmen reddin söz konusu olduğu durumlarda aylık süre ifadesi ORICON kaynağına göre nasıl açıklanır?,oricon_medeni_000328,True,True,True,True,True,True
383,Genel hukuk / sınıflandırma bekliyor alanında Kadına şiddeti önleyici tedbirler konusunda Kadına karşı şiddeti önleyici tedbirler kapsamında yapılan başvurularda ifadesi ORICON kaynağına göre nasıl açıklanır?,oricon_genel_000867,False,True,True,True,True,True
384,Genel hukuk / sınıflandırma bekliyor alanında İşletme değeri konusunda İşletme değeri işletmenin edindiği müşteri çevresini kapsadığı malvarlığı ifadesi ORICON kaynağına göre nasıl açıklanır?,oricon_genel_001492,True,True,True,True,True,True
385,Vergi Hukuku alanında Saygısız davranışların hukuka aykırı seviyeye konusunda Saygısız davranışların hukuka aykırı seviyeye ulaşması durumunda avukatların ifadesi ORICON kaynağına göre nasıl açıklanır?,oricon_vergi_000012,True,True,True,True,True,True
386,Yabancılar ve Vatandaşlık Hukuku alanında ikamet izni konusunda Öğrenci oturma izni başvurusunda maddi imkanın ispatı öğrencinin ifadesi ORICON kaynağına göre nasıl açıklanır?,oricon_yabancilar_000020,True,True,True,True,True,True
387,Borçlar ve Sözleşmeler Hukuku alanında kira bedeli konusunda TÜFE değişim oranının kira bedeline etkisi enflasyonun kira ifadesi ORICON kaynağına göre nasıl açıklanır?,oricon_borclar_000359,True,True,True,True,True,True
388,İdare ve İdari Yargılama Hukuku alanında Yapım işine başlanılmasına engel teşkil konusunda Yapım işine başlanılmasına engel teşkil edecek yargı kararı ifadesi ORICON kaynağına göre nasıl açıklanır?,oricon_idare_000048,True,True,True,True,True,True
389,Borçlar ve Sözleşmeler Hukuku alanında Devlet in borçlardan sorumluluğu konusunda Devlet borçlardan sorumluluğu yalnızca sulh hukuk mahkemesi tarafından ifadesi ORICON kaynağına göre nasıl açıklanır?,oricon_borclar_000026,True,True,True,True,True,True
390,Ticaret Hukuku; Medeni Hukuk - Miras/Aile/Eşya/Kişiler alanında Tapulu taşınmazların devrinde izlenmesi gereken konusunda Tapulu taşınmazların devrinde izlenmesi gereken usul resmi tapu ifadesi ORICON kaynağına göre nasıl açıklanır?,oricon_ticaret_medeni_000096,True,True,True,True,True,True
391,Ceza Hukuku alanında hile konusunda Hukuka aykırı yöntemlerle elde edilen delillere örnek kişinin ifadesi ORICON kaynağına göre nasıl açıklanır?,oricon_ceza_000132,True,True,True,True,True,True
392,Ticaret Hukuku; İdare ve İdari Yargılama Hukuku; Medeni Hukuk - Miras/Aile/Eşya/Kişiler alanında idari yargı konusunda 1000 ölçekli uygulama imar planları taşınmaza hukuken atıldığından ifadesi ORICON kaynağına göre nasıl açıklanır?,oricon_ticaret_idare_medeni_000009,True,True,True,True,True,True
393,Genel hukuk / sınıflandırma bekliyor alanında özel hayat konusunda Alınan kayıtların hukuka aykırı yöntemlere başvurulmadan elde edilmesi ifadesi ORICON kaynağına göre nasıl açıklanır?,oricon_genel_001236,True,True,True,True,True,True
394,Vergi Hukuku alanında Bağımsız tarafsız yargıç savunma makamındaki konusunda Bağımsız tarafsız yargıç savunma makamındaki avukatlar maddi gerçeğin ifadesi ORICON kaynağına göre nasıl açıklanır?,oricon_vergi_000013,True,True,True,True,True,True
395,Ticaret Hukuku; Ceza Hukuku; Anayasa Hukuku ve Temel Haklar alanında suç konusunda Dernekler tüzüklerinde gösterilen amaç amacı gerçekleştirmek üzere sürdürüleceği ifadesi ORICON kaynağına göre nasıl açıklanır?,oricon_ticaret_ceza_anayasa_000001,True,True,True,True,True,True
396,Ticaret Hukuku alanında Gemi yatların leasing çarter işlemlerinde konusunda Gemi yatların leasing çarter işlemlerinde çatma saldırı riskler ifadesi ORICON kaynağına göre nasıl açıklanır?,oricon_ticaret_000069,True,True,True,True,True,True
397,Genel hukuk / sınıflandırma bekliyor alanında İkinci el bilgi hearsay nitelendirilen konusunda İkinci bilgi hearsay nitelendirilen kanıtların mahkeme tarafından dikkate ifadesi ORICON kaynağına göre nasıl açıklanır?,oricon_genel_000031,True,True,True,True,True,True
398,Medeni Hukuk - Miras/Aile/Eşya/Kişiler alanında Tapu belgesi konusunda Tapu belgesi günümüzde taşınmaza ilişkin bilgileri içeren söz ifadesi ORICON kaynağına göre nasıl açıklanır?,oricon_medeni_000491,True,True,True,True,True,True
399,Borçlar ve Sözleşmeler Hukuku alanında kira kaybı konusunda Arsa sahibi gecikmiş eksik teslim nedeniyle uğradığı kira ifadesi ORICON kaynağına göre nasıl açıklanır?,oricon_borclar_000087,True,True,True,True,True,True
400,İcra ve İflas Hukuku; Borçlar ve Sözleşmeler Hukuku; Medeni Hukuk - Miras/Aile/Eşya/Kişiler alanında Hukuk Muhakemeleri Kanunu konusunda Kesinleşmeden icra edilemeyen kararlar Hukuk Muhakemeleri Kanunu İcra ifadesi ORICON kaynağına göre nasıl açıklanır?,oricon_icra_iflas_borclar_medeni_000003,True,True,True,True,True,True
401,Ticaret Hukuku; Medeni Hukuk - Miras/Aile/Eşya/Kişiler alanında Belgeler eksiksiz şekilde teslim edilirse konusunda Belgeler eksiksiz şekilde teslim edilirse başvurular uygun bulunursa ifadesi ORICON kaynağına göre nasıl açıklanır?,oricon_ticaret_medeni_000016,True,True,True,True,True,True
402,Genel hukuk / sınıflandırma bekliyor alanında arsanın fiziki elverişli sayılabilmesi konusunda arsanın fiziki elverişli sayılabilmesi üzerinde başka yapı ikamet ifadesi ORICON kaynağına göre nasıl açıklanır?,oricon_genel_001546,True,True,True,True,True,True
403,Genel hukuk / sınıflandırma bekliyor alanında temyiz konusunda Temyizden feragat etmek karar verilinceye işlem yapılabilir ifadesi ORICON kaynağına göre nasıl açıklanır?,oricon_genel_000218,False,False,True,True,True,True
404,İdare ve İdari Yargılama Hukuku alanında idari işlem konusunda Belediye encümen kararlarının idari işlem kabul edilmesinin nedeni ifadesi ORICON kaynağına göre nasıl açıklanır?,oricon_idare_000118,True,True,True,True,True,True
405,Genel hukuk / sınıflandırma bekliyor alanında İdari uyuşmazlıklarda dava açma süresinin konusunda İdari uyuşmazlıklarda dava açma süresinin başlangıç tarihi yazılı ifadesi ORICON kaynağına göre nasıl açıklanır?,oricon_genel_001194,True,True,True,True,True,True
406,İcra ve İflas Hukuku; Borçlar ve Sözleşmeler Hukuku; Medeni Hukuk - Miras/Aile/Eşya/Kişiler alanında İcra dairesi konusunda İcra dairesi borçluya ait iştirak halindeki mülkiyet hissesini ifadesi ORICON kaynağına göre nasıl açıklanır?,oricon_icra_iflas_borclar_medeni_000014,True,True,True,True,True,True
407,Ticaret Hukuku alanında Dini törenle gerçekleştirilen evliliklerin hiçbir konusunda Dini törenle gerçekleştirilen evliliklerin hiçbir delili bağlayıcılığı yoktur ifadesi ORICON kaynağına göre nasıl açıklanır?,oricon_ticaret_000305,True,True,True,True,True,True
408,Medeni Hukuk - Miras/Aile/Eşya/Kişiler alanında boşanma konusunda Soyadı kadınlar farklı ihtimaller hilinde değişikliklere uğramaktadır kadınların ifadesi ORICON kaynağına göre nasıl açıklanır?,oricon_medeni_000768,True,True,True,True,True,True
409,Genel hukuk / sınıflandırma bekliyor alanında Kişinin yetkili makamların müdahalesini beklemesi konusunda Kişinin yetkili makamların müdahalesini beklemesi beklenemeyecek durumlar acil ifadesi ORICON kaynağına göre nasıl açıklanır?,oricon_genel_001237,True,True,True,True,True,True
410,Ticaret Hukuku; Borçlar ve Sözleşmeler Hukuku alanında tazminat konusunda Tazminat davasında davacı zarara uğrayan kişi olup donatan ifadesi ORICON kaynağına göre nasıl açıklanır?,oricon_ticaret_borclar_000017,True,True,True,True,True,True
411,Medeni Hukuk - Miras/Aile/Eşya/Kişiler alanında Tapu iptal tescil davaları konusunda Tapu iptal tescil davaları fazla bilgi Tapu İptal ifadesi ORICON kaynağına göre nasıl açıklanır?,oricon_medeni_000411,True,True,False,True,True,True
412,Borçlar ve Sözleşmeler Hukuku alanında ödeme taahhüdü konusunda Ödeme taahhüdünün geçerliliği borçlunun hür iradesi alacaklının onayı ifadesi ORICON kaynağına göre nasıl açıklanır?,oricon_borclar_000152,True,True,True,True,True,True
413,İdare ve İdari Yargılama Hukuku; Medeni Hukuk - Miras/Aile/Eşya/Kişiler alanında Kamulaştırma kararının ardından idare konusunda Kamulaştırma kararının ardından idare tapu idaresine kamulaştırma bildiriminde ifadesi ORICON kaynağına göre nasıl açıklanır?,oricon_idare_medeni_000085,True,True,True,True,True,True
414,Ticaret Hukuku alanında Gemi ipoteği konusunda Gemi ipoteği aksi kararlaştırılmadıkça süresiz yapılır ifadesi ORICON kaynağına göre nasıl açıklanır?,oricon_ticaret_000120,True,True,True,True,True,True
415,Genel hukuk / sınıflandırma bekliyor alanında KİK konusunda KİK itirazen şik yetleri değerlendirme yetkisine sahip olduğunda ifadesi ORICON kaynağına göre nasıl açıklanır?,oricon_genel_001083,True,True,True,True,True,True
416,Ticaret Hukuku; Borçlar ve Sözleşmeler Hukuku alanında tazminat konusunda Gerçek zarar kavramı işyeri sahibinin tazminat talebinde önemlidir ifadesi ORICON kaynağına göre nasıl açıklanır?,oricon_ticaret_borclar_000060,True,True,True,True,True,True
417,Genel hukuk / sınıflandırma bekliyor alanında Bireylerin özel alanları konusunda Bireylerin özel alanları toplum dışında yalnızca kendisini ilgilendiren ifadesi ORICON kaynağına göre nasıl açıklanır?,oricon_genel_000376,True,True,True,True,True,True
418,Genel hukuk / sınıflandırma bekliyor alanında arabuluculuk konusunda Zorunlu arabuluculuk kuralına dava açmadan önce zorunlu arabuluculuk ifadesi ORICON kaynağına göre nasıl açıklanır?,oricon_genel_000512,True,True,True,True,False,True
419,Borçlar ve Sözleşmeler Hukuku alanında Borcun ifa edileceği günün belirlenmesinde konusunda Borcun ifa edileceği günün belirlenmesinde vadenin borçlunun kesin ifadesi ORICON kaynağına göre nasıl açıklanır?,oricon_borclar_000191,True,True,True,True,True,True
420,Genel hukuk / sınıflandırma bekliyor alanında Yurt dışında tebliğ işlemleri ilgili konusunda Yurt dışında tebliğ işlemleri ilgili fazla bilgi Yurtdışı ifadesi ORICON kaynağına göre nasıl açıklanır?,oricon_genel_001191,True,True,True,True,True,True
421,Genel hukuk / sınıflandırma bekliyor alanında Yıllık izin konusunda Yıllık izin hakkından vazgeçilemeyeceği paraya çevrilemeyeceği haktan feragat ifadesi ORICON kaynağına göre nasıl açıklanır?,oricon_genel_001419,True,True,True,True,True,True
422,Genel hukuk / sınıflandırma bekliyor alanında Araç değer kaybının tespitinde konusunda Araç değer kaybının tespitinde kaza öncesi piyasa değeri ifadesi ORICON kaynağına göre nasıl açıklanır?,oricon_genel_001606,True,True,True,True,True,True
423,Genel hukuk / sınıflandırma bekliyor alanında işçi konusunda Ücretsiz izine çıkarılan işçinin geçimini sağlaması işçinin ekonomik ifadesi ORICON kaynağına göre nasıl açıklanır?,oricon_genel_001433,True,True,True,True,True,True
424,Medeni Hukuk - Miras/Aile/Eşya/Kişiler alanında miras konusunda Halefiyet ilkesi mirasçının miras bırakan ölmeden önce vefat ifadesi ORICON kaynağına göre nasıl açıklanır?,oricon_medeni_000057,True,True,True,True,True,True
425,Genel hukuk / sınıflandırma bekliyor alanında Ecrimisil bedelinin belirlenmesinde eksik inceleme konusunda Ecrimisil bedelinin belirlenmesinde eksik inceleme yapılması hukuka aykırı ifadesi ORICON kaynağına göre nasıl açıklanır?,oricon_genel_001207,True,True,True,True,True,True
426,Genel hukuk / sınıflandırma bekliyor alanında Başvuru reddedildiğinde konusunda Başvuru reddedildiğinde ilgililer tarafından işlemin iptali dava açılabilir ifadesi ORICON kaynağına göre nasıl açıklanır?,oricon_genel_001576,True,True,True,True,True,True
427,İdare ve İdari Yargılama Hukuku alanında iptal davası konusunda Düzenleme sonrası parseller arasında değer farkı bulunması iptal ifadesi ORICON kaynağına göre nasıl açıklanır?,oricon_idare_000175,True,True,True,True,True,True
428,Genel hukuk / sınıflandırma bekliyor alanında ceza konusunda Yapı kullanma izni alınmamış binalarda sanayi faaliyetine müsaade ifadesi ORICON kaynağına göre nasıl açıklanır?,oricon_genel_000121,True,True,True,True,True,True
429,Genel hukuk / sınıflandırma bekliyor alanında Temsilci belirleme yükümlülüğünün yerine getirilmemesi konusunda Temsilci belirleme yükümlülüğünün yerine getirilmemesi durumunda kurum tarafından ifadesi ORICON kaynağına göre nasıl açıklanır?,oricon_genel_001296,True,True,True,True,True,True
430,Ceza Muhakemesi Hukuku; Vergi Hukuku alanında tutuklama konusunda Tutuklama kararına itiraz edebilecek kişiler arasında şüpheli sanık ifadesi ORICON kaynağına göre nasıl açıklanır?,oricon_ceza_muhakemesi_vergi_000007,True,True,True,True,True,True
431,Genel hukuk / sınıflandırma bekliyor alanında Uygulama işlemine açılan davanın mahkemece konusunda Uygulama işlemine karşı açılan davanın mahkemece kabul edilmesi ifadesi ORICON kaynağına göre nasıl açıklanır?,oricon_genel_001072,True,True,True,True,True,True
432,Borçlar ve Sözleşmeler Hukuku alanında Nama yazılı senetlerin borçluya sağladığı konusunda Nama yazılı senetlerin borçluya sağladığı önemli avantaj alacağın ifadesi ORICON kaynağına göre nasıl açıklanır?,oricon_borclar_000061,True,True,True,True,True,True
433,Genel hukuk / sınıflandırma bekliyor alanında Davadan feragat işlemi yazılı sözlü konusunda Davadan feragat işlemi yazılı sözlü yapılabilir sözlü feragat ifadesi ORICON kaynağına göre nasıl açıklanır?,oricon_genel_000614,True,True,True,True,True,True
434,Medeni Hukuk - Miras/Aile/Eşya/Kişiler alanında Arsa paylarının rayiç değeri konusunda Arsa paylarının rayiç değeri maliklerce tespit ettirilmiş taşınmazın ifadesi ORICON kaynağına göre nasıl açıklanır?,oricon_medeni_000198,True,True,True,True,True,True
435,İdare ve İdari Yargılama Hukuku; Medeni Hukuk - Miras/Aile/Eşya/Kişiler alanında Ecrimisil bedelinin hukuka uygun tespit konusunda Ecrimisil bedelinin hukuka uygun tespit edilebilmesi imar durumu ifadesi ORICON kaynağına göre nasıl açıklanır (ORICON - İdare ve İdari Yargılama Hukuku; Medeni Hukuk - Miras/Aile/Eşya/Kişiler - oricon_idare_medeni_000072) ?,oricon_idare_medeni_000072,True,True,False,True,False,True
436,Ticaret Hukuku; İdare ve İdari Yargılama Hukuku; Medeni Hukuk - Miras/Aile/Eşya/Kişiler alanında Kamulaştırma kararının iptaline neden önemli konusunda Kamulaştırma kararının iptaline önemli unsurlardan biri kamulaştırma karşılığı ifadesi ORICON kaynağına göre nasıl açıklanır?,oricon_ticaret_idare_medeni_000006,True,True,True,True,True,True
437,Ticaret Hukuku alanında Devlet memuru konusunda Devlet memuru memurluktan çekilmek bağlı olduğu kuruma yazılı ifadesi ORICON kaynağına göre nasıl açıklanır?,oricon_ticaret_000221,True,True,True,True,True,True
438,İcra ve İflas Hukuku; Borçlar ve Sözleşmeler Hukuku; Medeni Hukuk - Miras/Aile/Eşya/Kişiler alanında haciz konusunda Alacaklı UYAP sistemi üzerinden borçlunun taşınmazının bulunup bulunmadığını ifadesi ORICON kaynağına göre nasıl açıklanır?,oricon_icra_iflas_borclar_medeni_000011,True,True,True,True,True,True
439,Genel hukuk / sınıflandırma bekliyor alanında Cinsel taciz iftirasının kanıtlanması çürütülmesi konusunda Cinsel taciz iftirasının kanıtlanması çürütülmesi olayın tanıkları yazılı ifadesi ORICON kaynağına göre nasıl açıklanır?,oricon_genel_001586,True,True,True,True,True,True
440,Genel hukuk / sınıflandırma bekliyor alanında ödeme taahhüdü konusunda Ödeme taahhüdünde taksit bilgileri önemlidir taksitle ödenecek miktar ifadesi ORICON kaynağına göre nasıl açıklanır?,oricon_genel_000685,True,True,True,True,True,True
441,Genel hukuk / sınıflandırma bekliyor alanında marka konusunda Aynı markaya sahip firmaların aynı alan adını alamaması ifadesi ORICON kaynağına göre nasıl açıklanır?,oricon_genel_000825,True,True,True,True,True,True
442,İdare ve İdari Yargılama Hukuku alanında 3091 sayılı Kanun uyarınca idare konusunda 3091 sayılı Kanun uyarınca idare tarafından verilen önleme ifadesi ORICON kaynağına göre nasıl açıklanır?,oricon_idare_000291,True,True,True,True,True,True
443,Genel hukuk / sınıflandırma bekliyor alanında Mavi Kart konusunda Mavi Kart resmi işlemler banka kuruluşlarda herhangi aksilik ifadesi ORICON kaynağına göre nasıl açıklanır?,oricon_genel_000918,True,True,True,True,True,True
444,Ticaret Hukuku; İdare ve İdari Yargılama Hukuku; Borçlar ve Sözleşmeler Hukuku alanında tahliye konusunda Kiracının tahliye edilmesi kiralananın yeniden inşası imarı amacıyla ifadesi ORICON kaynağına göre nasıl açıklanır?,oricon_ticaret_idare_borclar_000004,True,True,True,True,True,True
445,Ticaret Hukuku alanında Eşlerin birliğin giderlerine katılımı konusunda Eşlerin birliğin giderlerine katılımı güçleri oranında emek mal ifadesi ORICON kaynağına göre nasıl açıklanır?,oricon_ticaret_000454,True,True,True,True,True,True
446,Ceza Hukuku alanında suç konusunda 7258 sayılı Futbol Diğer Spor Müsabakalarında Bahis Şans ifadesi ORICON kaynağına göre nasıl açıklanır?,oricon_ceza_000044,True,True,True,True,True,True
447,İdare ve İdari Yargılama Hukuku alanında İnternete erişimin engellenmesi içerik kaldırılması konusunda İnternete erişimin engellenmesi içerik kaldırılması işlemleri idari yollarla ifadesi ORICON kaynağına göre nasıl açıklanır?,oricon_idare_000271,True,True,True,True,True,True
448,İdare ve İdari Yargılama Hukuku alanında yürütmenin durdurulması konusunda Yürütmenin durdurulması kararı kural davalı idarenin savunması alındıktan ifadesi ORICON kaynağına göre nasıl açıklanır?,oricon_idare_000150,True,True,True,True,True,True
449,Genel hukuk / sınıflandırma bekliyor alanında 6136 sayılı kanuna konusunda 6136 sayılı kanuna hatıra teşkil eden antika silahlar ifadesi ORICON kaynağına göre nasıl açıklanır?,oricon_genel_000110,True,True,True,True,True,True
450,Genel hukuk / sınıflandırma bekliyor alanında Ateşli silahların nitelik açısından vahim konusunda Ateşli silahların nitelik açısından vahim değerlendirilebilmesi tüfek seri ifadesi ORICON kaynağına göre nasıl açıklanır?,oricon_genel_000091,True,True,False,True,False,False
451,Genel hukuk / sınıflandırma bekliyor alanında İtirazın yapı malikince kanuni temsilcilerince konusunda İtirazın yapı malikince kanuni temsilcilerince yapılıp yapılmadığını Müdürlük ifadesi ORICON kaynağına göre nasıl açıklanır?,oricon_genel_001033,True,True,True,True,True,True
452,Ticaret Hukuku; İdare ve İdari Yargılama Hukuku alanında idari işlem konusunda İdare tarafından gerçekleştirilen idari işlemin hukuka aykırılığının denetlenmesi ifadesi ORICON kaynağına göre nasıl açıklanır?,oricon_ticaret_idare_000016,True,True,True,True,True,True
453,Medeni Hukuk - Miras/Aile/Eşya/Kişiler alanında Geçit hakkı tesis edilmesi istenilen konusunda Geçit hakkı tesis edilmesi istenilen taşınmaz üzerinde başka ifadesi ORICON kaynağına göre nasıl açıklanır?,oricon_medeni_000508,True,True,True,True,True,True
454,Borçlar ve Sözleşmeler Hukuku; Medeni Hukuk - Miras/Aile/Eşya/Kişiler alanında sözleşme konusunda Müteahhit tarafından satılan taşınmazın ayıplı olması durumunda alıcıya ifadesi ORICON kaynağına göre nasıl açıklanır?,oricon_borclar_medeni_000048,True,True,True,True,False,True
455,İdare ve İdari Yargılama Hukuku alanında idari işlem konusunda İdari işlemlerin hukuka uygunluk karinesinden yararlanması idari işlemin ifadesi ORICON kaynağına göre nasıl açıklanır?,oricon_idare_000141,True,True,True,True,True,True
456,Medeni Hukuk - Miras/Aile/Eşya/Kişiler alanında İlanın örneği konusunda İlanın örneği tapu kaydındaki ilgililere tebliğ edilmektedir ifadesi ORICON kaynağına göre nasıl açıklanır?,oricon_medeni_000590,True,True,True,True,True,True
457,Ticaret Hukuku alanında Hastalık kaza nedeniyle işe devamsızlık konusunda Hastalık kaza nedeniyle işe devamsızlık ifadesi ORICON kaynağına göre nasıl açıklanır?,oricon_ticaret_000410,True,True,True,True,True,True
458,Ticaret Hukuku alanında Mahkeme tarafından DNA testi yaptırılmasına konusunda Mahkeme tarafından DNA testi yaptırılmasına karar verildiğinde test ifadesi ORICON kaynağına göre nasıl açıklanır?,oricon_ticaret_000302,True,True,False,True,True,True
459,Ticaret Hukuku; Medeni Hukuk - Miras/Aile/Eşya/Kişiler alanında Aile konutunun ev eşyasının sağ konusunda Aile konutunun eşyasının sağ kalan eşe özgülenmesi kendiliğinden ifadesi ORICON kaynağına göre nasıl açıklanır?,oricon_ticaret_medeni_000072,True,True,True,True,True,True
460,Medeni Hukuk - Miras/Aile/Eşya/Kişiler alanında ipotek konusunda Malik tarafından ödenmeyen sigorta primleri alacaklının sahip olduğu ifadesi ORICON kaynağına göre nasıl açıklanır?,oricon_medeni_000151,True,True,True,True,True,True
461,Ticaret Hukuku alanında yönetim kurulu konusunda Yönetim kurulunda tüzel kişi bulunması durumunda tüzel kişi ifadesi ORICON kaynağına göre nasıl açıklanır?,oricon_ticaret_000168,True,True,True,True,True,True
462,Genel hukuk / sınıflandırma bekliyor alanında Vasiyet edenin imzası konusunda Vasiyet edenin imzası resmi memurun imzasından önce yer ifadesi ORICON kaynağına göre nasıl açıklanır?,oricon_genel_000282,True,True,True,True,True,True
463,Genel hukuk / sınıflandırma bekliyor alanında Eğer zenginleşen kişi kötü niyetliyse konusunda Eğer zenginleşen kişi kötü niyetliyse malın aynen iadesi ifadesi ORICON kaynağına göre nasıl açıklanır?,oricon_genel_000008,True,True,True,True,True,True
464,Ceza Hukuku; Medeni Hukuk - Miras/Aile/Eşya/Kişiler alanında tehdit konusunda Eserlerin bütünlüğünü bozan yapılar tapu tahsis belgesine konu ifadesi ORICON kaynağına göre nasıl açıklanır?,oricon_ceza_medeni_000005,True,True,True,True,True,True
465,İdare ve İdari Yargılama Hukuku; Borçlar ve Sözleşmeler Hukuku; Medeni Hukuk - Miras/Aile/Eşya/Kişiler alanında iptal davası konusunda Mirasçılar hukuka aykırı borçtan sorumlu tutulduklarında açacakları iptal ifadesi ORICON kaynağına göre nasıl açıklanır?,oricon_idare_borclar_medeni_000001,True,True,True,True,True,True
466,İdare ve İdari Yargılama Hukuku alanında temyiz konusunda Danıştay temyiz başvurusuna konu kararı hukuka uygun bulursa ifadesi ORICON kaynağına göre nasıl açıklanır?,oricon_idare_000260,True,True,True,True,True,True
467,Genel hukuk / sınıflandırma bekliyor alanında İpoteğin kaldırılması davasında davacı konusunda İpoteğin kaldırılması davasında davacı mahkemeden ipoteğin yolsuz tescilinin ifadesi ORICON kaynağına göre nasıl açıklanır?,oricon_genel_000358,True,True,True,True,True,True
468,Borçlar ve Sözleşmeler Hukuku alanında Kira yardımı süresi kırk sekiz konusunda Kira yardımı süresi kırk sekiz ayı geçmemek şartıyla ifadesi ORICON kaynağına göre nasıl açıklanır?,oricon_borclar_000168,True,True,True,True,True,True
469,Ticaret Hukuku alanında Davadan feragat işlemi yazılı beyan konusunda Davadan feragat işlemi yazılı beyan duruşma esnasında sözlü ifadesi ORICON kaynağına göre nasıl açıklanır?,oricon_ticaret_000176,True,True,True,True,True,True
470,İdare ve İdari Yargılama Hukuku; Medeni Hukuk - Miras/Aile/Eşya/Kişiler alanında Kamulaştırma sürecinde malikin mülkiyet hakkına konusunda Kamulaştırma sürecinde malikin mülkiyet hakkına yapılan müdahale süresinin ifadesi ORICON kaynağına göre nasıl açıklanır?,oricon_idare_medeni_000067,True,True,True,True,True,True
471,Ticaret Hukuku alanında Önalım kararının intikali konusunda Önalım kararının intikali verilen karar kendiliğinden gerçekleşir ifadesi ORICON kaynağına göre nasıl açıklanır?,oricon_ticaret_000401,True,True,True,True,True,True
472,Borçlar ve Sözleşmeler Hukuku; Medeni Hukuk - Miras/Aile/Eşya/Kişiler alanında Komisyonun ecrimisil bedeli tespitinde emsal konusunda Komisyonun ecrimisil bedeli tespitinde emsal araştırması yapmasının önemi ifadesi ORICON kaynağına göre nasıl açıklanır (ORICON - Borçlar ve Sözleşmeler Hukuku; Medeni Hukuk - Miras/Aile/Eşya/Kişiler - oricon_borclar_medeni_000078) ?,oricon_borclar_medeni_000078,False,True,False,True,True,True
473,Ticaret Hukuku alanında hak konusunda hak tescil yapıldığı itibariyle yolsuz olabileceği kuruluş aşamasında ifadesi ORICON kaynağına göre nasıl açıklanır?,oricon_ticaret_000055,True,True,True,True,True,True
474,Borçlar ve Sözleşmeler Hukuku alanında haksız fiil konusunda Hukuka aykırı davranışla başkasına zarar verilmesi haksız fiil ifadesi ORICON kaynağına göre nasıl açıklanır?,oricon_borclar_000007,True,True,True,True,True,True
475,Ticaret Hukuku alanında Gemi ipoteğinin kurulmasına yönelik istem konusunda Gemi ipoteğinin kurulmasına yönelik istem hakkını teminat altına ifadesi ORICON kaynağına göre nasıl açıklanır?,oricon_ticaret_000125,True,True,True,True,True,True
476,İcra ve İflas Hukuku; Vergi Hukuku; Borçlar ve Sözleşmeler Hukuku alanında Yazılı taahhütte taksitlendirme tarihi konusunda Yazılı taahhütte taksitlendirme tarihi taksit miktarı taahhüde işlemiş ifadesi ORICON kaynağına göre nasıl açıklanır?,oricon_icra_iflas_vergi_borclar_000001,True,True,True,True,True,True
477,İcra ve İflas Hukuku; Medeni Hukuk - Miras/Aile/Eşya/Kişiler alanında tasarrufun iptali konusunda Mirasçılıktan çıkarılan kişi çıkarma işlemine itiraz etmek ölüme ifadesi ORICON kaynağına göre nasıl açıklanır?,oricon_icra_iflas_medeni_000034,True,True,True,True,False,True
478,Genel hukuk / sınıflandırma bekliyor alanında Haksız işgale konu mal birden konusunda Haksız işgale konu mal birden fazla kişiye ait ifadesi ORICON kaynağına göre nasıl açıklanır?,oricon_genel_001719,True,True,True,True,True,True
479,Genel hukuk / sınıflandırma bekliyor alanında türk vatandaşlığı konusunda Doğum yolu Türk vatandaşlığının kazanılması kişinin Türk anne ifadesi ORICON kaynağına göre nasıl açıklanır?,oricon_genel_000343,True,True,True,True,True,True
480,İdare ve İdari Yargılama Hukuku; Borçlar ve Sözleşmeler Hukuku alanında bağışlama konusunda Bağışlama sözünün geri alınması iptal davası açılmasına geri ifadesi ORICON kaynağına göre nasıl açıklanır?,oricon_idare_borclar_000001,True,True,False,False,True,True
481,Genel hukuk / sınıflandırma bekliyor alanında Hak sahiplerinin 2B arazilerini satın konusunda Hak sahiplerinin arazilerini satın almak illerde defterdarlıklara ilçelerde ifadesi ORICON kaynağına göre nasıl açıklanır?,oricon_genel_001649,True,True,True,True,True,True
482,Medeni Hukuk - Miras/Aile/Eşya/Kişiler alanında Mülkiyet hakkı konulu uyuşmazlıklarda zamanaşımı konusunda Mülkiyet hakkı konulu uyuşmazlıklarda zamanaşımı süresi bulunmamaktadır ifadesi ORICON kaynağına göre nasıl açıklanır?,oricon_medeni_000430,True,True,True,True,True,True
483,Borçlar ve Sözleşmeler Hukuku alanında menfi tespit davası konusunda İcra takibi başlatılmadan önce Menfi Tespit Davası açmak ifadesi ORICON kaynağına göre nasıl açıklanır?,oricon_borclar_000128,True,True,False,True,True,True
484,Genel hukuk / sınıflandırma bekliyor alanında Kanun konusunda Kanun senedin belirli unsurları yoksa senette yer alan ifadesi ORICON kaynağına göre nasıl açıklanır?,oricon_genel_001449,True,True,True,True,True,True
485,İdare ve İdari Yargılama Hukuku alanında Kamu yararı ilkesi uyarınca idarenin konusunda Kamu yararı ilkesi uyarınca idarenin hizmet yükümlülüğü durumlarda ifadesi ORICON kaynağına göre nasıl açıklanır?,oricon_idare_000138,True,True,True,True,True,True
486,İcra ve İflas Hukuku; Borçlar ve Sözleşmeler Hukuku alanında Borçların tasfiyesine yönelik konkordato konusunda Borçların tasfiyesine yönelik konkordato iflas içi iflas dışı ifadesi ORICON kaynağına göre nasıl açıklanır?,oricon_icra_iflas_borclar_000059,True,True,True,True,True,True
487,Genel hukuk / sınıflandırma bekliyor alanında Sporcunun doping kontrolü sürecinde bildirim konusunda Sporcunun doping kontrolü sürecinde bildirim yapıldıktan sonra örnek ifadesi ORICON kaynağına göre nasıl açıklanır?,oricon_genel_001172,True,True,True,True,True,True
488,Genel hukuk / sınıflandırma bekliyor alanında Yargıtay konusunda Yargıtay aleniyet kavramını sayısı belirli olmayan mutlaka birden ifadesi ORICON kaynağına göre nasıl açıklanır?,oricon_genel_000375,True,True,True,True,True,True
489,Anayasa Hukuku ve Temel Haklar alanında hasta hakları konusunda Hasta hakları ifadesi ORICON kaynağına göre nasıl açıklanır?,oricon_anayasa_000029,True,True,False,True,False,True
490,Genel hukuk / sınıflandırma bekliyor alanında Oturma izni almak konusunda Oturma izni almak başvuru online sistem üzerinden yapılmalıdır ifadesi ORICON kaynağına göre nasıl açıklanır?,oricon_genel_000331,True,True,True,True,True,True
491,Ticaret Hukuku alanında aidat konusunda Aylık aidat hesaplaması tüm giderlerin aylık masrafı ayrı ifadesi ORICON kaynağına göre nasıl açıklanır?,oricon_ticaret_000174,True,True,True,True,True,True
492,Genel hukuk / sınıflandırma bekliyor alanında Davanın görevsiz mahkemede açılması konusunda Davanın görevsiz mahkemede açılması halinde mahkeme görevsizlik kararı ifadesi ORICON kaynağına göre nasıl açıklanır?,oricon_genel_001784,True,True,False,True,True,True
493,Türk Medenî Kanunu madde 756 kapsamında DÖRDÜNCÜ KİTAP konusunda Madde 756 Kaynaklar arazinin bütünleyici parçası olup bunların düzenlemesi nasıl açıklanır?,turkish_law_eski_4721_turk_medeni_kanunu_m756,True,True,True,True,True,True
494,Türk Medenî Kanunu madde 947 kapsamında DÖRDÜNCÜ KİTAP konusunda Madde 947 Rehin taşınırı eklentileriyle birlikte kapsar düzenlemesi nasıl açıklanır?,turkish_law_eski_4721_turk_medeni_kanunu_m947,True,True,True,True,True,True
495,Türk Medenî Kanunu madde 916 kapsamında DÖRDÜNCÜ KİTAP konusunda Madde 916 Rehin senedinden aksi anlaşılmadıkça senet hamile düzenlemesi nasıl açıklanır?,turkish_law_eski_4721_turk_medeni_kanunu_m916,True,True,True,True,True,True
496,Bilgi Edinme Hakkı Kanunu madde 27 kapsamında DÖRDÜNCÜ BÖLÜM konusunda Madde Tavsiye mütalaa talepleri Kanun kapsamı dışındadır düzenlemesi nasıl açıklanır?,turkish_law_eski_4982_bilgi_edinme_hakki_kanunu_m27,True,True,True,True,True,True
497,Türk Medenî Kanunu madde 862 kapsamında DÖRDÜNCÜ KİTAP konusunda Madde 862 Rehin taşınmazı bütünleyici parçaları eklentileri birlikte düzenlemesi nasıl açıklanır?,turkish_law_eski_4721_turk_medeni_kanunu_m862,True,True,True,True,True,True
498,Türk Medenî Kanunu madde 318 kapsamında İKİNCİ KİTAP konusunda Madde 318 Evl edinme esasa ilişkin diğer noksanlıklardan düzenlemesi nasıl açıklanır?,turkish_law_eski_4721_turk_medeni_kanunu_m318,True,True,True,True,True,True
499,Ceza Muhakemesi Kanunu madde 161 kapsamında İKİNCİ KİTAP konusunda Ceza Muhakemesi Kanunu Madde 161 Cumhuriyet savcısının görev düzenlemesi nasıl açıklanır?,turkish_law_eski_5271_ceza_muhakemesi_kanunu_m161_p003,False,True,False,True,False,True
500,Türk Medenî Kanunu madde 395 kapsamında İKİNCİ KİTAP konusunda Madde 395 Malik sağlığında yurda son verebilir düzenlemesi nasıl açıklanır?,turkish_law_eski_4721_turk_medeni_kanunu_m395,True,True,True,True,True,True
501,Ceza Muhakemesi Kanunu madde 171 kapsamında İKİNCİ KİTAP konusunda Ceza Muhakemesi Kanunu Madde 171 Kamu davasını açmada düzenlemesi nasıl açıklanır?,turkish_law_eski_5271_ceza_muhakemesi_kanunu_m171_p002,False,True,True,True,True,True
502,Türk Medenî Kanunu madde 835 kapsamında DÖRDÜNCÜ KİTAP konusunda Madde 835 İpotek üst hakkı devam ettiği sürece düzenlemesi nasıl açıklanır?,turkish_law_eski_4721_turk_medeni_kanunu_m835,True,True,True,True,True,True
503,Türk Borçlar Kanunu madde 24 kapsamında TÜRK BORÇLAR KANUNU konusunda MADDE Genel işlem koşullarının bulunduğu sözleşmede ayrı düzenlemesi nasıl açıklanır?,turkish_law_eski_6098_turk_borclar_kanunu_m24,True,True,True,True,True,True
504,Türkiye Cumhuriyeti Anayasası madde 22 kapsamında İKİNCİ KISIM konusunda Madde Değişik 2001 4709 Herkes haberleşme hürriyetine sahiptir düzenlemesi nasıl açıklanır?,turkish_law_eski_2709_turkiye_cumhuriyeti_anayasasi_m22,False,True,True,True,True,True
505,Türk Medenî Kanunu madde 934 kapsamında DÖRDÜNCÜ KİTAP konusunda Madde 934 Senetler sayıları gösterilmek suretiyle tapu kütüğüne düzenlemesi nasıl açıklanır?,turkish_law_eski_4721_turk_medeni_kanunu_m934,True,True,True,True,True,True
506,Türk Medenî Kanunu madde 992 kapsamında DÖRDÜNCÜ KİTAP konusunda Madde 992 Tapuya kayıtlı taşınmazlarda hak karinesinden zilyetlikten düzenlemesi nasıl açıklanır?,turkish_law_eski_4721_turk_medeni_kanunu_m992,True,True,True,True,True,True
507,Türk Borçlar Kanunu madde 65 kapsamında BİRİNCİ KISIM konusunda MADDE Hakkaniyet gerektiriyorsa ayırt etme gücü bulunmayan kişinin düzenlemesi nasıl açıklanır?,turkish_law_eski_6098_turk_borclar_kanunu_m65,True,True,True,True,True,True
508,Türk Borçlar Kanunu madde 7 kapsamında TÜRK BORÇLAR KANUNU konusunda MADDE Ismarlanmamış şeyin gönderilmesi öneri sayılmaz düzenlemesi nasıl açıklanır?,turkish_law_eski_6098_turk_borclar_kanunu_m7,True,True,True,True,True,True
509,Türk Borçlar Kanunu madde 58 kapsamında BİRİNCİ KISIM konusunda MADDE Kişilik hakkının zedelenmesinden zarar gören uğradığı manevi düzenlemesi nasıl açıklanır?,turkish_law_eski_6098_turk_borclar_kanunu_m58_dup2,True,True,True,True,False,True
510,Türk Borçlar Kanunu madde 341 kapsamında İKİNCİ KISIM konusunda MADDE 341 Kiracı konut çatılı işyeri kiralarında sözleşmede düzenlemesi nasıl açıklanır?,turkish_law_eski_6098_turk_borclar_kanunu_m341,True,True,True,True,False,True
511,Bilgi Edinme Hakkı Kanunu madde 30 kapsamında BEŞİNCİ BÖLÜM konusunda Madde Kurum kuruluşlar önceki yıla ait olmak üzere düzenlemesi nasıl açıklanır?,turkish_law_eski_4982_bilgi_edinme_hakki_kanunu_m30,True,True,True,True,True,True
512,Türk Medenî Kanunu madde 573 kapsamında ÜÇÜNCÜ KİTAP konusunda Madde 573 Mirasbırakan mirastan feragat eden mirasçıya sağlığında düzenlemesi nasıl açıklanır?,turkish_law_eski_4721_turk_medeni_kanunu_m573,True,True,True,True,True,True
513,Türk Borçlar Kanunu madde 177 kapsamında BİRİNCİ KISIM konusunda MADDE 177 Sözleşme yapılırken kimsenin vermiş olduğu miktar düzenlemesi nasıl açıklanır?,turkish_law_eski_6098_turk_borclar_kanunu_m177,True,True,True,True,True,True
514,Türk Borçlar Kanunu madde 73 kapsamında BİRİNCİ KISIM konusunda MADDE Rücu istemi tazminatın tamamının ödendiği birlikte sorumlu düzenlemesi nasıl açıklanır?,turkish_law_eski_6098_turk_borclar_kanunu_m73,True,True,True,True,True,True
515,Türk Medenî Kanunu madde 873 kapsamında DÖRDÜNCÜ KİTAP konusunda Madde 873 Borç ödenmezse alacaklı alacağını rehinli taşınmazın düzenlemesi nasıl açıklanır?,turkish_law_eski_4721_turk_medeni_kanunu_m873,True,True,True,True,True,True
516,Türk Medenî Kanunu madde 401 kapsamında İKİNCİ KİTAP konusunda Madde 401 Aile meclisi üyeleri görevlerini gereği yerine düzenlemesi nasıl açıklanır?,turkish_law_eski_4721_turk_medeni_kanunu_m401,True,True,True,True,True,True
517,Türk Medenî Kanunu madde 581 kapsamında ÜÇÜNCÜ KİTAP konusunda Madde 581 Vasiyet alacaklısı olabilmek mirasbırakanın ölümü anında düzenlemesi nasıl açıklanır?,turkish_law_eski_4721_turk_medeni_kanunu_m581,True,True,True,True,True,True
518,Türk Medenî Kanunu madde 605 kapsamında ÜÇÜNCÜ KİTAP konusunda Madde 605 Yasal atanmış mirasçılar mirası reddedebilirler düzenlemesi nasıl açıklanır?,turkish_law_eski_4721_turk_medeni_kanunu_m605,True,True,True,True,True,True
519,Türk Medenî Kanunu madde 820 kapsamında DÖRDÜNCÜ KİTAP konusunda Madde 820 alacak üzerindeki intifa hakkı onun getirisini düzenlemesi nasıl açıklanır?,turkish_law_eski_4721_turk_medeni_kanunu_m820,True,True,True,True,True,True
520,Türk Medenî Kanunu madde 649 kapsamında ÜÇÜNCÜ KİTAP konusunda Madde 649 Kanunda aksine hüküm bulunmadıkça mirasçılar paylaşmada düzenlemesi nasıl açıklanır?,turkish_law_eski_4721_turk_medeni_kanunu_m649,True,True,True,True,True,True
521,Türk Medenî Kanunu madde 76 kapsamında BİRİNCİ KİTAP konusunda Madde Bütün üyelerin araya gelmeksizin yazılı katılımıyla alınan düzenlemesi nasıl açıklanır?,turkish_law_eski_4721_turk_medeni_kanunu_m76,True,True,True,True,True,True
522,Ceza Muhakemesi Kanunu madde 139 kapsamında BİRİNCİ KİTAP konusunda Madde 139 Değişik 2014 6526 Soruşturma konusu suçun düzenlemesi nasıl açıklanır?,turkish_law_eski_5271_ceza_muhakemesi_kanunu_m139_p001,False,True,True,True,True,True
523,Türk Medenî Kanunu madde 599 kapsamında ÜÇÜNCÜ KİTAP konusunda Madde 599 Mirasçılar mirasbırakanın ölümü mirası bütün kanun düzenlemesi nasıl açıklanır?,turkish_law_eski_4721_turk_medeni_kanunu_m599,True,True,True,True,True,True
524,Türk Medenî Kanunu madde 387 kapsamında İKİNCİ KİTAP konusunda Madde 387 Aile yurdu line getirilecek taşınmazların büyüklüğü düzenlemesi nasıl açıklanır?,turkish_law_eski_4721_turk_medeni_kanunu_m387,True,True,True,True,True,True
525,Türk Medenî Kanunu madde 160 kapsamında İKİNCİ KİTAP konusunda Madde 160 Evlenmenin butlanı davasında yetki yargılama usulü düzenlemesi nasıl açıklanır?,turkish_law_eski_4721_turk_medeni_kanunu_m160_dup4,False,False,False,True,False,True
526,Türk Medenî Kanunu madde 248 kapsamında İKİNCİ KİTAP konusunda Madde 248 diğer eşte bulunan mallarını geri alır düzenlemesi nasıl açıklanır?,turkish_law_eski_4721_turk_medeni_kanunu_m248,True,True,True,True,True,True
527,Türk Medenî Kanunu madde 1008 kapsamında DÖRDÜNCÜ KİTAP konusunda Madde 1008 Taşınmaza ilişkin aşağıdaki haklar tapu kütüğüne düzenlemesi nasıl açıklanır?,turkish_law_eski_4721_turk_medeni_kanunu_m1008,True,True,True,True,True,True
528,Türk Medenî Kanunu madde 1027 kapsamında DÖRDÜNCÜ KİTAP konusunda Madde 1027 İlgililerin yazılı rızaları olmadıkça tapu memuru düzenlemesi nasıl açıklanır?,turkish_law_eski_4721_turk_medeni_kanunu_m1027,True,True,True,True,True,True
529,Bilgi Edinme Hakkı Kanunu madde 2 kapsamında BİLGİ EDİNME HAKKI KANUNU konusunda Madde Kanun kamu kurum kuruluşları kamu kurumu niteliğindeki düzenlemesi nasıl açıklanır?,turkish_law_eski_4982_bilgi_edinme_hakki_kanunu_m2,True,True,False,True,False,True
530,Türk Medenî Kanunu madde 446 kapsamında İKİNCİ KİTAP konusunda Madde 446 Küçüklerin koruma amacıyla kuruma yerleştirilmesine vasinin düzenlemesi nasıl açıklanır?,turkish_law_eski_4721_turk_medeni_kanunu_m446,True,True,True,True,True,True
531,Türk Medenî Kanunu madde 305 kapsamında İKİNCİ KİTAP konusunda Madde 305 küçüğün evl edinilmesi evl edinen tarafından düzenlemesi nasıl açıklanır?,turkish_law_eski_4721_turk_medeni_kanunu_m305,True,True,True,True,True,True
532,Türk Borçlar Kanunu madde 375 kapsamında İKİNCİ KISIM konusunda MADDE 375 Kiralananı geri veren kiracı düzenli işletmenin düzenlemesi nasıl açıklanır?,turkish_law_eski_6098_turk_borclar_kanunu_m375,True,True,True,True,True,True
533,Türk Medenî Kanunu madde 629 kapsamında ÜÇÜNCÜ KİTAP konusunda Madde 629 Alacaklarını süresi içinde yazdırmayan alacaklılara karşı düzenlemesi nasıl açıklanır?,turkish_law_eski_4721_turk_medeni_kanunu_m629,True,True,True,True,True,True
534,Türk Medenî Kanunu madde 156 kapsamında İKİNCİ KİTAP konusunda Madde 156 Batıl evlilik kimin kararıyla sona erer düzenlemesi nasıl açıklanır?,turkish_law_eski_4721_turk_medeni_kanunu_m156,True,True,True,True,True,True
535,Türk Medenî Kanunu madde 773 kapsamında DÖRDÜNCÜ KİTAP konusunda Madde 773 Bilimsel değeri sahipsiz doğal şeyler eski düzenlemesi nasıl açıklanır?,turkish_law_eski_4721_turk_medeni_kanunu_m773,True,True,True,True,True,True
536,Türkiye Cumhuriyeti Anayasası madde 65 kapsamında İKİNCİ KISIM konusunda Madde Değişik 2001 4709 Devlet sosyal ekonomik alanlarda düzenlemesi nasıl açıklanır?,turkish_law_eski_2709_turkiye_cumhuriyeti_anayasasi_m65_dup2,False,True,True,True,True,True
537,Türkiye Cumhuriyeti Anayasası madde 159 kapsamında ÜÇÜNCÜ KISIM konusunda Madde 159 Değişik 2010 5982 kimler Savcılar 103 düzenlemesi nasıl açıklanır?,turkish_law_eski_2709_turkiye_cumhuriyeti_anayasasi_m159_p001,True,True,True,True,True,True
538,Türk Medenî Kanunu madde 655 kapsamında ÜÇÜNCÜ KİTAP konusunda Madde 655 Paylaşmada kendisine mirasbırakanın borçları rehnedilmiş tereke düzenlemesi nasıl açıklanır?,turkish_law_eski_4721_turk_medeni_kanunu_m655,True,True,True,True,True,True
539,Türk Medenî Kanunu madde 50 kapsamında BİRİNCİ KİTAP konusunda Madde Tüzel kişinin iradesi organları aracılığıyla açıklanır düzenlemesi nasıl açıklanır?,turkish_law_eski_4721_turk_medeni_kanunu_m50,True,True,True,True,True,True
540,Türk Medenî Kanunu madde 802 kapsamında DÖRDÜNCÜ KİTAP konusunda Madde 802 Geri verme anında malik intifa hakkı düzenlemesi nasıl açıklanır?,turkish_law_eski_4721_turk_medeni_kanunu_m802,True,True,True,True,True,True
541,Türk Medenî Kanunu madde 758 kapsamında DÖRDÜNCÜ KİTAP konusunda Madde 758 taşınmazda oturmak onu işletmek yerin içme düzenlemesi nasıl açıklanır?,turkish_law_eski_4721_turk_medeni_kanunu_m758,True,True,True,True,True,True
542,Türk Medenî Kanunu madde 380 kapsamında İKİNCİ KİTAP konusunda Madde 380 Aşağıdaki llerde ortaklık sona erer düzenlemesi nasıl açıklanır?,turkish_law_eski_4721_turk_medeni_kanunu_m380,True,True,True,True,True,True
543,Türk Medenî Kanunu madde 777 kapsamında DÖRDÜNCÜ KİTAP konusunda Madde 777 Başkasının taşınır malını davasız aralıksız beş düzenlemesi nasıl açıklanır?,turkish_law_eski_4721_turk_medeni_kanunu_m777,True,True,True,True,True,True
544,Türk Medenî Kanunu madde 469 kapsamında İKİNCİ KİTAP konusunda Türk Meden Kanunu Madde 469 düzenlemesi nasıl açıklanır?,turkish_law_eski_4721_turk_medeni_kanunu_m469_p005,False,False,True,True,False,True
545,Türk Borçlar Kanunu madde 216 kapsamında İKİNCİ KISIM konusunda MADDE 216 Satıcının zapttan sorumluluğu aşağıdaki llerde devam düzenlemesi nasıl açıklanır?,turkish_law_eski_6098_turk_borclar_kanunu_m216,True,True,True,True,True,True
546,Türk Medenî Kanunu madde 44 kapsamında BİRİNCİ KİTAP konusunda Madde kimse ölümüne kesin gözle bakılmayı gerektiren durumlar düzenlemesi nasıl açıklanır?,turkish_law_eski_4721_turk_medeni_kanunu_m44,False,True,True,True,True,True
547,Türkiye Cumhuriyeti Anayasası madde 134 kapsamında ÜÇÜNCÜ KISIM konusunda Madde 134 Atatürkçü düşünceyi Atatürk ilke inkılaplarını Türk düzenlemesi nasıl açıklanır?,turkish_law_eski_2709_turkiye_cumhuriyeti_anayasasi_m134,True,True,True,True,True,True
548,Türk Medenî Kanunu madde 519 kapsamında ÜÇÜNCÜ KİTAP konusunda Madde 519 Tereke mevcudunu tasarrufu yerine getirme yükümlüsüne düzenlemesi nasıl açıklanır?,turkish_law_eski_4721_turk_medeni_kanunu_m519,True,True,True,True,True,True
549,Türk Medenî Kanunu madde 315 kapsamında İKİNCİ KİTAP konusunda Madde 315 Evl edinme kararı evl edinenin oturma düzenlemesi nasıl açıklanır?,turkish_law_eski_4721_turk_medeni_kanunu_m315,True,True,True,True,True,True
550,Türk Medenî Kanunu madde 15 kapsamında BİRİNCİ KİTAP konusunda Madde Kanunda gösterilen ayrık durumlar saklı kalmak üzere düzenlemesi nasıl açıklanır?,turkish_law_eski_4721_turk_medeni_kanunu_m15,True,True,False,True,True,True
551,Türk Bayrağı Tüzüğü madde 15 kapsamında ÜÇÜNCÜ BÖLÜM konusunda Madde Değişik 2001 2001 2130 Kamu kurum kuruluşlarında düzenlemesi nasıl açıklanır?,turkish_law_eski_85_9034_turk_bayragi_tuzugu_m15,False,True,True,True,True,True
552,Türk Borçlar Kanunu madde 369 kapsamında İKİNCİ KISIM konusunda MADDE 369 Taraflardan biri kira ilişkisinin devamını kendisi düzenlemesi nasıl açıklanır?,turkish_law_eski_6098_turk_borclar_kanunu_m369,True,True,True,True,True,True
553,Türk Medenî Kanunu madde 703 kapsamında DÖRDÜNCÜ KİTAP konusunda Madde 703 Elbirliği mülkiyeti malın devri topluluğun dağılması düzenlemesi nasıl açıklanır?,turkish_law_eski_4721_turk_medeni_kanunu_m703,True,True,True,True,True,True
554,Türk Medenî Kanunu madde 896 kapsamında DÖRDÜNCÜ KİTAP konusunda Madde 896 Hakları değişik tarihlerde tescil edilmiş olsa düzenlemesi nasıl açıklanır?,turkish_law_eski_4721_turk_medeni_kanunu_m896,True,True,True,True,True,True
555,Türk Medenî Kanunu madde 1020 kapsamında DÖRDÜNCÜ KİTAP konusunda Madde 1020 Tapu sicili herkese açıktır düzenlemesi nasıl açıklanır?,turkish_law_eski_4721_turk_medeni_kanunu_m1020,True,True,True,True,True,True
556,Ceza Muhakemesi Kanunu madde 196 kapsamında ÜÇÜNCÜ KİTAP konusunda Madde 196 Mahkemece sorgusu yapılmış sanık hususta sanık düzenlemesi nasıl açıklanır?,turkish_law_eski_5271_ceza_muhakemesi_kanunu_m196,True,True,True,True,True,True
557,Türk Medenî Kanunu madde 518 kapsamında ÜÇÜNCÜ KİTAP konusunda Madde 518 Bırakılan belirli mal mirasın açılması anındaki düzenlemesi nasıl açıklanır?,turkish_law_eski_4721_turk_medeni_kanunu_m518,True,True,True,True,True,True
558,Türk Borçlar Kanunu madde 309 kapsamında İKİNCİ KISIM konusunda MADDE 309 üçüncü kişinin kiralananda kiracının hakkıyla bağdaşmayan düzenlemesi nasıl açıklanır?,turkish_law_eski_6098_turk_borclar_kanunu_m309,True,True,True,True,True,True
559,Türk Medenî Kanunu madde 523 kapsamında ÜÇÜNCÜ KİTAP konusunda Madde 523 Önmirasçıya geçen mirasın sulh mahkemesince defteri düzenlemesi nasıl açıklanır?,turkish_law_eski_4721_turk_medeni_kanunu_m523,True,True,True,True,False,True
560,Türk Medenî Kanunu madde 195 kapsamında İKİNCİ KİTAP konusunda Madde 195 Evlilik birliğinden doğan yükümlülüklerin yerine getirilmemesi düzenlemesi nasıl açıklanır?,turkish_law_eski_4721_turk_medeni_kanunu_m195,True,True,True,True,True,True
561,Türk Medenî Kanunu madde 1003 kapsamında DÖRDÜNCÜ KİTAP konusunda Madde 1003 taşınmazın kütüğe kaydı belirlenmesinde resm ölçüme düzenlemesi nasıl açıklanır?,turkish_law_eski_4721_turk_medeni_kanunu_m1003,True,True,True,True,True,True
562,Türkiye Cumhuriyeti Anayasası madde 49 kapsamında İKİNCİ KISIM konusunda Madde Çalışma herkesin hakkı ödevidir düzenlemesi nasıl açıklanır?,turkish_law_eski_2709_turkiye_cumhuriyeti_anayasasi_m49,False,True,True,True,True,True
563,Türk Medenî Kanunu madde 253 kapsamında İKİNCİ KİTAP konusunda Madde 253 Paylaştırmanın ayın yapılması asıldır düzenlemesi nasıl açıklanır?,turkish_law_eski_4721_turk_medeni_kanunu_m253,True,True,True,True,True,True
564,Türk Medenî Kanunu madde 716 kapsamında DÖRDÜNCÜ KİTAP konusunda Madde 716 Mülkiyetin kazanılmasına esas olacak hukuk sebebe düzenlemesi nasıl açıklanır?,turkish_law_eski_4721_turk_medeni_kanunu_m716,True,True,True,True,True,True
565,Türk Medenî Kanunu madde 43 kapsamında BİRİNCİ KİTAP konusunda Madde Ölümlere ilişkin bildirimler ilgili kanun hükümlerine yapılır düzenlemesi nasıl açıklanır?,turkish_law_eski_4721_turk_medeni_kanunu_m43,True,True,True,True,True,True
566,Türk Medenî Kanunu madde 848 kapsamında DÖRDÜNCÜ KİTAP konusunda Madde 848 Taşınmaz yükü alacaklıya yükümlüye karşı hiçbir düzenlemesi nasıl açıklanır?,turkish_law_eski_4721_turk_medeni_kanunu_m848,True,True,True,True,True,True
567,Ceza Muhakemesi Kanunu madde 135 kapsamında BİRİNCİ KİTAP konusunda Ceza Muhakemesi Kanunu Madde 135 İletişimin tespiti dinlenmesi düzenlemesi nasıl açıklanır?,turkish_law_eski_5271_ceza_muhakemesi_kanunu_m135_p003,False,True,True,True,False,True
568,Türk Medenî Kanunu madde 375 kapsamında İKİNCİ KİTAP konusunda Madde 375 Aile malları ortaklığı belirli belirsiz süre düzenlemesi nasıl açıklanır?,turkish_law_eski_4721_turk_medeni_kanunu_m375,True,True,True,True,True,True
569,Ceza Muhakemesi Kanunu madde 108 kapsamında BİRİNCİ KİTAP konusunda Ceza Muhakemesi Kanunu Madde 108 Tutukluluğun incelenmesi açıklama düzenlemesi nasıl açıklanır?,turkish_law_eski_5271_ceza_muhakemesi_kanunu_m108_note_p004,False,True,False,False,False,True
570,Türk Bayrağı Tüzüğü madde 13 kapsamında ÜÇÜNCÜ BÖLÜM konusunda Madde Türkiye Cumhuriyetinin yabancı ülkelerde bulunan resmi milli düzenlemesi nasıl açıklanır?,turkish_law_eski_85_9034_turk_bayragi_tuzugu_m13,True,True,True,True,True,True
571,Türk Medenî Kanunu madde 574 kapsamında ÜÇÜNCÜ KİTAP konusunda Madde 574 Mirastan feragat eden tenkis sebebiyle terekeye düzenlemesi nasıl açıklanır?,turkish_law_eski_4721_turk_medeni_kanunu_m574,True,True,True,True,True,True
572,Türk Medenî Kanunu madde 74 kapsamında BİRİNCİ KİTAP konusunda Madde Genel kurul tüzükte belirtilen zamanda yönetim kurulunun düzenlemesi nasıl açıklanır?,turkish_law_eski_4721_turk_medeni_kanunu_m74,True,True,True,True,True,True
573,Türk Medenî Kanunu madde 646 kapsamında ÜÇÜNCÜ KİTAP konusunda Madde 646 Yasal mirasçılar gerek kendi aralarında gerek düzenlemesi nasıl açıklanır?,turkish_law_eski_4721_turk_medeni_kanunu_m646,True,True,True,True,True,True
574,Türk Medenî Kanunu madde 105 kapsamında BİRİNCİ KİTAP konusunda Madde 105 Özgülenen malların mülkiyeti haklar tüzel kişiliğin düzenlemesi nasıl açıklanır?,turkish_law_eski_4721_turk_medeni_kanunu_m105,True,True,True,True,True,True
575,Türk Medenî Kanunu madde 16 kapsamında BİRİNCİ KİTAP konusunda Madde Ayırt etme gücüne sahip küçükler kısıtlılar yasal düzenlemesi nasıl açıklanır?,turkish_law_eski_4721_turk_medeni_kanunu_m16,True,True,True,True,True,True
576,Türk Borçlar Kanunu madde 200 kapsamında BİRİNCİ KISIM konusunda MADDE 200 Dış üstlenme sözleşmesi hükümsüz gelirse iyiniyetli düzenlemesi nasıl açıklanır?,turkish_law_eski_6098_turk_borclar_kanunu_m200,True,True,True,True,True,True
577,Türkiye Cumhuriyeti Anayasası madde 66 kapsamında İKİNCİ KISIM konusunda Madde Türk Devletine vatandaşlık bağı bağlı herkes Türktür düzenlemesi nasıl açıklanır?,turkish_law_eski_2709_turkiye_cumhuriyeti_anayasasi_m66,True,True,True,True,True,True
578,Türk Medenî Kanunu madde 877 kapsamında DÖRDÜNCÜ KİTAP konusunda Madde 877 kamu kurum kuruluşunun katkısıyla iyileştirilen arazinin düzenlemesi nasıl açıklanır?,turkish_law_eski_4721_turk_medeni_kanunu_m877,True,True,True,True,True,True
579,Türk Medenî Kanunu madde 593 kapsamında ÜÇÜNCÜ KİTAP konusunda Madde 593 Terekeyi resmen yöneten sulh kimi onun düzenlemesi nasıl açıklanır?,turkish_law_eski_4721_turk_medeni_kanunu_m593,True,True,True,True,False,True
580,Türk Medenî Kanunu madde 286 kapsamında İKİNCİ KİTAP konusunda Madde 286 İptal fıkra Anayasa Mahkemesi nin 2023 düzenlemesi nasıl açıklanır?,turkish_law_eski_4721_turk_medeni_kanunu_m286,True,True,True,True,True,True
581,Ceza Muhakemesi Kanunu madde 137 kapsamında BİRİNCİ KİTAP konusunda Madde 137 135 inci maddeye verilecek karar gereğince düzenlemesi nasıl açıklanır?,turkish_law_eski_5271_ceza_muhakemesi_kanunu_m137_p001,False,True,True,True,True,True
582,Türk Medenî Kanunu madde 163 kapsamında İKİNCİ KİTAP konusunda Madde 163 Eşlerden biri küçük düşürücü suç işler düzenlemesi nasıl açıklanır?,turkish_law_eski_4721_turk_medeni_kanunu_m163,True,True,True,True,True,True
583,Türk Medenî Kanunu madde 904 kapsamında DÖRDÜNCÜ KİTAP konusunda Madde 904 İrat senetlerindeki alacak miktarı tarım arazisinde düzenlemesi nasıl açıklanır?,turkish_law_eski_4721_turk_medeni_kanunu_m904,True,True,True,True,True,True
584,Türk Borçlar Kanunu madde 227 kapsamında İKİNCİ KISIM konusunda MADDE 227 Satıcının satılanın ayıplarından sorumlu olduğu llerde düzenlemesi nasıl açıklanır?,turkish_law_eski_6098_turk_borclar_kanunu_m227,True,True,True,True,True,True
585,Türk Medenî Kanunu madde 754 kapsamında DÖRDÜNCÜ KİTAP konusunda Madde 754 Taşınmaz mülkiyeti hakkının kamu yararı kısıtlanması düzenlemesi nasıl açıklanır?,turkish_law_eski_4721_turk_medeni_kanunu_m754,True,True,True,True,True,True
586,Türkiye Cumhuriyeti Anayasası madde 73 kapsamında DÖRDÜNCÜ BÖLÜM konusunda Madde Herkes kamu giderlerini karşılamak üzere mali gücüne düzenlemesi nasıl açıklanır?,turkish_law_eski_2709_turkiye_cumhuriyeti_anayasasi_m73,True,True,True,True,True,True
587,Türk Medenî Kanunu madde 975 kapsamında DÖRDÜNCÜ KİTAP konusunda Madde 975 şeyde fiil kimiyetini doğrudan doğruya sürdüren düzenlemesi nasıl açıklanır?,turkish_law_eski_4721_turk_medeni_kanunu_m975,True,True,True,True,True,True
588,Türk Borçlar Kanunu madde 198 kapsamında BİRİNCİ KISIM konusunda MADDE 198 Borçlu değişmiş olsa bile alacaklının borçlunun düzenlemesi nasıl açıklanır?,turkish_law_eski_6098_turk_borclar_kanunu_m198,True,True,True,True,True,True
589,Türk Medenî Kanunu madde 231 kapsamında İKİNCİ KİTAP konusunda Madde 231 Artık değer eklenmeden denkleştirmeden elde edilen düzenlemesi nasıl açıklanır?,turkish_law_eski_4721_turk_medeni_kanunu_m231,True,True,True,True,True,True
590,Türk Medenî Kanunu madde 230 kapsamında İKİNCİ KİTAP konusunda Madde 230 eşin kişisel mallara ilişkin borçları edinilmiş düzenlemesi nasıl açıklanır?,turkish_law_eski_4721_turk_medeni_kanunu_m230,True,True,True,True,True,True
591,Türk Medenî Kanunu madde 993 kapsamında DÖRDÜNCÜ KİTAP konusunda Madde 993 İyiniyetle zilyedi bulunduğu şeyi karineyle mevcut düzenlemesi nasıl açıklanır?,turkish_law_eski_4721_turk_medeni_kanunu_m993,True,True,True,True,True,True
592,Türk Borçlar Kanunu madde 226 kapsamında İKİNCİ KISIM konusunda MADDE 226 Başka yerden gönderilen satılanın ayıplı olduğunu düzenlemesi nasıl açıklanır?,turkish_law_eski_6098_turk_borclar_kanunu_m226,True,True,True,True,True,True
593,Türk Borçlar Kanunu madde 282 kapsamında İKİNCİ KISIM konusunda MADDE 282 Mal değişim sözleşmesi taraflardan birinin diğer düzenlemesi nasıl açıklanır?,turkish_law_eski_6098_turk_borclar_kanunu_m282,True,True,True,True,True,True
594,Türk Medenî Kanunu madde 264 kapsamında İKİNCİ KİTAP konusunda Madde 264 Eşlerden biri diğerinin rızasıyla ortaklık mallarını düzenlemesi nasıl açıklanır?,turkish_law_eski_4721_turk_medeni_kanunu_m264,True,True,True,True,True,True
595,Türk Medenî Kanunu madde 996 kapsamında DÖRDÜNCÜ KİTAP konusunda Madde 996 Kazandırıcı zamanaşımından yararlanma hakkına sahip zilyet düzenlemesi nasıl açıklanır?,turkish_law_eski_4721_turk_medeni_kanunu_m996_dup2,False,True,True,True,False,True
596,Türkiye Cumhuriyeti Anayasası madde 69 kapsamında İKİNCİ KISIM konusunda Madde Değişik 1995 4121 Siyasi partilerin faaliyetleri parti düzenlemesi nasıl açıklanır?,turkish_law_eski_2709_turkiye_cumhuriyeti_anayasasi_m69_p001,False,True,True,True,False,True
597,Türk Medenî Kanunu madde 139 kapsamında İKİNCİ KİTAP konusunda Madde 139 Evlendirme memuru evlenme koşullarının varlığını tespit düzenlemesi nasıl açıklanır?,turkish_law_eski_4721_turk_medeni_kanunu_m139,True,True,True,True,True,True
598,Ceza Muhakemesi Kanunu madde 239 kapsamında ÜÇÜNCÜ KİTAP konusunda Madde 239 Değişik 2008 5793 Mağdur suçtan zarar düzenlemesi nasıl açıklanır?,turkish_law_eski_5271_ceza_muhakemesi_kanunu_m239,True,True,True,True,True,True
599,Türk Medenî Kanunu madde 632 kapsamında ÜÇÜNCÜ KİTAP konusunda Madde 632 mirasçı mirası ret resm deftere kabul düzenlemesi nasıl açıklanır?,turkish_law_eski_4721_turk_medeni_kanunu_m632,True,True,True,True,True,True
600,Türk Borçlar Kanunu madde 313 kapsamında İKİNCİ KISIM konusunda MADDE 313 Kiracı kira bedelini ödemekle yükümlüdür düzenlemesi nasıl açıklanır?,turkish_law_eski_6098_turk_borclar_kanunu_m313,True,True,True,True,True,True
601,Türk Medenî Kanunu madde 441 kapsamında İKİNCİ KİTAP konusunda Madde 441 Vesayet altındaki kişinin kendisi malvarlığının yönetimi düzenlemesi nasıl açıklanır?,turkish_law_eski_4721_turk_medeni_kanunu_m441,False,True,True,True,True,True
602,Türk Medenî Kanunu madde 610 kapsamında ÜÇÜNCÜ KİTAP konusunda Madde 610 Yasal süre içinde mirası reddetmeyen mirasçı düzenlemesi nasıl açıklanır?,turkish_law_eski_4721_turk_medeni_kanunu_m610,True,True,True,True,True,True
603,Türk Medenî Kanunu madde 369 kapsamında İKİNCİ KİTAP konusunda Madde 369 başkanı halkından küçüğün kısıtlının akıl hastalığı düzenlemesi nasıl açıklanır?,turkish_law_eski_4721_turk_medeni_kanunu_m369,True,True,True,True,True,True
604,Türk Medenî Kanunu madde 601 kapsamında ÜÇÜNCÜ KİTAP konusunda Madde 601 Kendisine intifa hakkı irat hakkı belli düzenlemesi nasıl açıklanır?,turkish_law_eski_4721_turk_medeni_kanunu_m601,True,True,True,True,True,True
605,Türk Medenî Kanunu madde 498 kapsamında ÜÇÜNCÜ KİTAP konusunda Madde 498 Evlilik dışında doğmuş soybağı tanıma hükmüyle düzenlemesi nasıl açıklanır?,turkish_law_eski_4721_turk_medeni_kanunu_m498,True,True,True,True,True,True
606,Ceza Muhakemesi Kanunu madde 308 kapsamında BEŞİNCİ KİTAP konusunda Ceza Muhakemesi Kanunu Madde 308 Yargıtay Cumhuriyet Başsavcısının düzenlemesi nasıl açıklanır?,turkish_law_eski_5271_ceza_muhakemesi_kanunu_m308_p002,False,True,False,True,False,True
607,Türk Borçlar Kanunu madde 2 kapsamında TÜRK BORÇLAR KANUNU konusunda MADDE Taraflar sözleşmenin esaslı noktalarında uyuşmuşlarsa ikinci derecedeki düzenlemesi nasıl açıklanır?,turkish_law_eski_6098_turk_borclar_kanunu_m2,True,True,True,True,True,True
608,Ceza Muhakemesi Kanunu madde 218 kapsamında ÜÇÜNCÜ KİTAP konusunda Ceza Muhakemesi Kanunu Madde 218 Ceza mahkemelerinin yetkisi düzenlemesi nasıl açıklanır?,turkish_law_eski_5271_ceza_muhakemesi_kanunu_m218_note_p003,False,True,True,True,True,True
609,Türk Medenî Kanunu madde 35 kapsamında BİRİNCİ KİTAP konusunda Madde İl ndan alınamazsa mahkeme gaipliğe karar verir düzenlemesi nasıl açıklanır?,turkish_law_eski_4721_turk_medeni_kanunu_m35,True,True,True,True,True,True
610,Türkiye Cumhuriyeti Anayasası madde 124 kapsamında ÜÇÜNCÜ KISIM konusunda Madde 124 Cumhurbaşkanı bakanlıklar kamu tüzelkişileri kendi görev düzenlemesi nasıl açıklanır?,turkish_law_eski_2709_turkiye_cumhuriyeti_anayasasi_m124,True,True,True,True,True,True
611,Türk Medenî Kanunu madde 71 kapsamında BİRİNCİ KİTAP konusunda Madde Üyeler dernek düzenine uymak derneğe sadakat göstermekle düzenlemesi nasıl açıklanır?,turkish_law_eski_4721_turk_medeni_kanunu_m71,True,True,True,True,True,True
612,Türk Borçlar Kanunu madde 345 kapsamında İKİNCİ KISIM konusunda MADDE 345 Kira bedelinin belirlenmesine ilişkin dava zaman düzenlemesi nasıl açıklanır?,turkish_law_eski_6098_turk_borclar_kanunu_m345,True,True,True,True,True,True
613,Ceza Muhakemesi Kanunu madde 213 kapsamında ÜÇÜNCÜ KİTAP konusunda Madde 213 Aralarında çelişki bulunması halinde sanığın mahkeme düzenlemesi nasıl açıklanır?,turkish_law_eski_5271_ceza_muhakemesi_kanunu_m213,True,True,True,True,True,True
614,Türk Medenî Kanunu madde 839 kapsamında DÖRDÜNCÜ KİTAP konusunda Madde 839 Taşınmaz yükü taşınmazın malikini yalnız taşınmazla düzenlemesi nasıl açıklanır?,turkish_law_eski_4721_turk_medeni_kanunu_m839,True,True,True,True,True,True
615,Türk Borçlar Kanunu madde 170 kapsamında BİRİNCİ KISIM konusunda MADDE 170 sözleşmenin hüküm ifade etmesi gerçekleşip gerçekleşmeyeceği düzenlemesi nasıl açıklanır?,turkish_law_eski_6098_turk_borclar_kanunu_m170,True,True,True,True,True,True
616,Türk Medenî Kanunu madde 144 kapsamında İKİNCİ KİTAP konusunda Madde 144 Evlenme işlemi evlenme kütüğü evlenmeye ilişkin düzenlemesi nasıl açıklanır?,turkish_law_eski_4721_turk_medeni_kanunu_m144,True,True,True,True,True,True
617,Türk Medenî Kanunu madde 843 kapsamında DÖRDÜNCÜ KİTAP konusunda Madde 843 Taşınmaz yükü tescilin terkini yüklü taşınmazın düzenlemesi nasıl açıklanır?,turkish_law_eski_4721_turk_medeni_kanunu_m843,True,True,True,True,True,True
618,Ceza Muhakemesi Kanunu madde 76 kapsamında BİRİNCİ KİTAP konusunda Ceza Muhakemesi Kanunu Madde devam madde gereğince verilen düzenlemesi nasıl açıklanır?,turkish_law_eski_5271_ceza_muhakemesi_kanunu_m76_p002,False,True,True,True,True,True
619,Türk Medenî Kanunu madde 551 kapsamında ÜÇÜNCÜ KİTAP konusunda Madde 551 Birden vasiyeti yerine getirme görevlisinin atanmış düzenlemesi nasıl açıklanır?,turkish_law_eski_4721_turk_medeni_kanunu_m551,True,True,True,True,True,True
620,Türk Medenî Kanunu madde 591 kapsamında ÜÇÜNCÜ KİTAP konusunda Madde 591 Yazımı yapılan tereke mallarından gerekenler mühürlenir düzenlemesi nasıl açıklanır?,turkish_law_eski_4721_turk_medeni_kanunu_m591,True,True,True,True,True,True
621,Türk Medenî Kanunu madde 791 kapsamında DÖRDÜNCÜ KİTAP konusunda Madde 791 İrtifak hakkı yüklü taşınmazın yalnız belli düzenlemesi nasıl açıklanır?,turkish_law_eski_4721_turk_medeni_kanunu_m791,True,True,True,True,True,True
622,Türk Borçlar Kanunu madde 61 kapsamında BİRİNCİ KISIM konusunda MADDE Birden kişi birlikte zarara sebebiyet verdikleri aynı düzenlemesi nasıl açıklanır?,turkish_law_eski_6098_turk_borclar_kanunu_m61,True,True,True,True,True,True
623,Türk Borçlar Kanunu madde 301 kapsamında İKİNCİ KISIM konusunda MADDE 301 Kiraya veren kiralananı kararlaştırılan tarihte sözleşmede düzenlemesi nasıl açıklanır?,turkish_law_eski_6098_turk_borclar_kanunu_m301,True,True,True,True,True,True
624,Türk Medenî Kanunu madde 469 kapsamında İKİNCİ KİTAP konusunda Madde 469 Devletin vesayet dairelerinde görevli kişilere karşı düzenlemesi nasıl açıklanır?,turkish_law_eski_4721_turk_medeni_kanunu_m469,True,True,False,True,True,True
625,Türk Medenî Kanunu madde 160 kapsamında İKİNCİ KİTAP konusunda Türk Meden Kanunu Madde 160 düzenlemesi nasıl açıklanır?,turkish_law_eski_4721_turk_medeni_kanunu_m160_note_p002,False,False,True,True,False,True
626,Ceza Muhakemesi Kanunu madde 208 kapsamında ÜÇÜNCÜ KİTAP konusunda Madde 208 Tanıklar dinlendikten sonra mahkeme başkanı kimin düzenlemesi nasıl açıklanır?,turkish_law_eski_5271_ceza_muhakemesi_kanunu_m208,True,True,True,True,False,True
627,Türk Medenî Kanunu madde 814 kapsamında DÖRDÜNCÜ KİTAP konusunda Madde 814 Malvarlığı intifaında intifa hakkı sahibi malvarlığındaki düzenlemesi nasıl açıklanır?,turkish_law_eski_4721_turk_medeni_kanunu_m814,True,True,True,True,True,True
628,Türkiye Cumhuriyeti Anayasası madde 166 kapsamında DÖRDÜNCÜ KISIM konusunda Madde 166 Ekonomik sosyal kültürel kalkınmayı özellikle sanayiin düzenlemesi nasıl açıklanır?,turkish_law_eski_2709_turkiye_cumhuriyeti_anayasasi_m166,True,True,True,True,True,True
629,Türk Medenî Kanunu madde 189 kapsamında İKİNCİ KİTAP konusunda Madde 189 Birliği temsil yetkisinin kullanıldığı llerde eşler düzenlemesi nasıl açıklanır?,turkish_law_eski_4721_turk_medeni_kanunu_m189,True,True,True,True,True,True
630,Türk Borçlar Kanunu madde 236 kapsamında İKİNCİ KISIM konusunda MADDE 236 Borcunu ifa etmeyen alıcı satıcının yüzden düzenlemesi nasıl açıklanır?,turkish_law_eski_6098_turk_borclar_kanunu_m236_dup2,False,True,False,True,False,True
631,Türk Medenî Kanunu madde 1009 kapsamında DÖRDÜNCÜ KİTAP konusunda Madde 1009 Arsa payı karşılığı inşaat taşınmaz satış düzenlemesi nasıl açıklanır?,turkish_law_eski_4721_turk_medeni_kanunu_m1009,True,True,True,True,True,True
632,Bilgi Edinme Hakkı Kanunu madde 6 kapsamında ÜÇÜNCÜ BÖLÜM konusunda Madde Bilgi edinme başvurusu başvuru sahibinin adı soyadı düzenlemesi nasıl açıklanır?,turkish_law_eski_4982_bilgi_edinme_hakki_kanunu_m6,True,True,True,True,True,True
633,Türk Medenî Kanunu madde 918 kapsamında DÖRDÜNCÜ KİTAP konusunda Madde 918 Alacaklı yoksa rehin hakkından feragat ederse düzenlemesi nasıl açıklanır?,turkish_law_eski_4721_turk_medeni_kanunu_m918,True,True,True,True,True,True
634,Türk Medenî Kanunu madde 944 kapsamında DÖRDÜNCÜ KİTAP konusunda Madde 944 Alacağın ödenmesi suretiyle başka sebeple rehin düzenlemesi nasıl açıklanır?,turkish_law_eski_4721_turk_medeni_kanunu_m944,True,True,True,True,True,True
635,Türk Medenî Kanunu madde 18 kapsamında BİRİNCİ KİTAP konusunda Madde Eşlerden biri diğer eşin kan hısımları aynı düzenlemesi nasıl açıklanır?,turkish_law_eski_4721_turk_medeni_kanunu_m18,True,True,True,True,True,True
636,Türk Borçlar Kanunu madde 325 kapsamında İKİNCİ KISIM konusunda MADDE 325 Kiracı sözleşme süresine fesih dönemine uymaksızın düzenlemesi nasıl açıklanır?,turkish_law_eski_6098_turk_borclar_kanunu_m325,True,True,True,True,True,True
637,Türk Medenî Kanunu madde 868 kapsamında DÖRDÜNCÜ KİTAP konusunda Madde 868 Malik rehinli taşınmazın güvence altına aldığı düzenlemesi nasıl açıklanır?,turkish_law_eski_4721_turk_medeni_kanunu_m868,True,True,True,True,True,True
638,Ceza Muhakemesi Kanunu madde 135 kapsamında BİRİNCİ KİTAP konusunda Ceza Muhakemesi Kanunu Madde 135 İletişimin tespiti dinlenmesi düzenlemesi nasıl açıklanır (135) ?,turkish_law_eski_5271_ceza_muhakemesi_kanunu_m135_p005,True,True,False,True,False,True
639,Ceza Muhakemesi Kanunu madde 108 kapsamında BİRİNCİ KİTAP konusunda Ceza Muhakemesi Kanunu Madde 108 Tutukluluğun incelenmesi açıklama düzenlemesi nasıl açıklanır (108) ?,turkish_law_eski_5271_ceza_muhakemesi_kanunu_m108_note_p003,False,False,False,True,False,True
640,Türk Medenî Kanunu madde 276 kapsamında İKİNCİ KİTAP konusunda Madde 276 Eşlerden birinin ölümü diğer mal rejiminin düzenlemesi nasıl açıklanır?,turkish_law_eski_4721_turk_medeni_kanunu_m276,True,True,True,True,True,True
641,Türk Borçlar Kanunu madde 328 kapsamında İKİNCİ KISIM konusunda MADDE 328 Belirsiz süreli kira sözleşmelerinde taraflardan biri düzenlemesi nasıl açıklanır?,turkish_law_eski_6098_turk_borclar_kanunu_m328,True,True,True,True,True,True
642,Ceza Muhakemesi Kanunu madde 251 kapsamında ÜÇÜNCÜ KİTAP konusunda Madde 251 Mülga 2012 6352 105 Başlığı Birlikte düzenlemesi nasıl açıklanır?,turkish_law_eski_5271_ceza_muhakemesi_kanunu_m251_p001,False,True,True,True,True,True
643,Türk Medenî Kanunu madde 596 kapsamında ÜÇÜNCÜ KİTAP konusunda Madde 596 Vasiyetname geçerli olup olmadığına bakılmaksızın tesliminden düzenlemesi nasıl açıklanır?,turkish_law_eski_4721_turk_medeni_kanunu_m596,True,True,True,True,True,True
644,Türk Medenî Kanunu madde 442 kapsamında İKİNCİ KİTAP konusunda Madde 442 Yeteri güven verici olmayan yatırımlar güvenli düzenlemesi nasıl açıklanır?,turkish_law_eski_4721_turk_medeni_kanunu_m442,True,True,True,True,True,True
645,Türk Borçlar Kanunu madde 76 kapsamında BİRİNCİ KISIM konusunda MADDE Zarar gören iddiasının haklılığını gösteren inandırıcı kanıtlar düzenlemesi nasıl açıklanır?,turkish_law_eski_6098_turk_borclar_kanunu_m76,True,True,True,True,True,True
646,Türk Medenî Kanunu madde 175 kapsamında İKİNCİ KİTAP konusunda Madde 175 Boşanma yüzünden yoksulluğa düşecek taraf kusuru düzenlemesi nasıl açıklanır?,turkish_law_eski_4721_turk_medeni_kanunu_m175,True,True,True,True,True,True
647,Türk Medenî Kanunu madde 463 kapsamında İKİNCİ KİTAP konusunda Madde 463 Aşağıdaki llerde vesayet makamının izninden sonra düzenlemesi nasıl açıklanır?,turkish_law_eski_4721_turk_medeni_kanunu_m463,True,True,True,True,True,True
648,Ceza Muhakemesi Kanunu madde 278 kapsamında BEŞİNCİ KİTAP konusunda Madde 278 Değişik 2016 KHK 674 Aynen kabul düzenlemesi nasıl açıklanır?,turkish_law_eski_5271_ceza_muhakemesi_kanunu_m278,True,True,True,True,True,True
649,Türk Medenî Kanunu madde 294 kapsamında İKİNCİ KİTAP konusunda Madde 294 Ana babanın yasal mirasçıları çocuk Cumhuriyet düzenlemesi nasıl açıklanır?,turkish_law_eski_4721_turk_medeni_kanunu_m294_dup2,False,True,True,True,False,True
650,Ceza Muhakemesi Kanunu madde 8 kapsamında BİRİNCİ KİTAP konusunda Madde kişi birden fazla suçtan sanık olur suçta düzenlemesi nasıl açıklanır?,turkish_law_eski_5271_ceza_muhakemesi_kanunu_m8,True,True,True,True,True,True
651,Türk Medenî Kanunu madde 792 kapsamında DÖRDÜNCÜ KİTAP konusunda Madde 792 Yararlanan taşınmazın parsellere bölünmesi linde kural düzenlemesi nasıl açıklanır?,turkish_law_eski_4721_turk_medeni_kanunu_m792,True,True,True,True,True,True
652,Türk Borçlar Kanunu madde 41 kapsamında TÜRK BORÇLAR KANUNU konusunda MADDE Başkası adına hesabına temsil kamu hukukundan doğmuşsa düzenlemesi nasıl açıklanır?,turkish_law_eski_6098_turk_borclar_kanunu_m41,True,True,True,True,True,True
653,Türk Medenî Kanunu madde 858 kapsamında DÖRDÜNCÜ KİTAP konusunda Madde 858 Taşınmaz rehni tescilin terkini taşınmazın tamamen düzenlemesi nasıl açıklanır?,turkish_law_eski_4721_turk_medeni_kanunu_m858,True,True,True,True,True,True
654,Türkiye Cumhuriyeti Anayasası madde 50 kapsamında İKİNCİ KISIM konusunda Madde Kimse yaşına cinsiyetine gücüne uymayan işlerde çalıştırılamaz düzenlemesi nasıl açıklanır?,turkish_law_eski_2709_turkiye_cumhuriyeti_anayasasi_m50_dup2,True,True,True,True,True,True
655,Ceza Muhakemesi Kanunu madde 241 kapsamında ÜÇÜNCÜ KİTAP konusunda Madde 241 Katılmadan önce verilmiş kararlar katılana tebliğ düzenlemesi nasıl açıklanır?,turkish_law_eski_5271_ceza_muhakemesi_kanunu_m241,True,True,True,True,True,True
656,Türkiye Cumhuriyeti Anayasası madde 83 kapsamında ÜÇÜNCÜ KISIM konusunda Madde Türkiye Büyük Millet Meclisi üyeleri Meclis çalışmalarındaki düzenlemesi nasıl açıklanır?,turkish_law_eski_2709_turkiye_cumhuriyeti_anayasasi_m83,True,True,True,True,False,True
657,Ceza Muhakemesi Kanunu madde 236 kapsamında ÜÇÜNCÜ KİTAP konusunda Ceza Muhakemesi Kanunu Madde 236 Mağdur şik yetçinin düzenlemesi nasıl açıklanır?,turkish_law_eski_5271_ceza_muhakemesi_kanunu_m236_p002,False,True,True,True,False,True
658,Türk Medenî Kanunu madde 748 kapsamında DÖRDÜNCÜ KİTAP konusunda Madde 748 Taşınmaz malikinin taşınmazını işletme iyileştirme taşınmazı düzenlemesi nasıl açıklanır?,turkish_law_eski_4721_turk_medeni_kanunu_m748,True,True,True,True,True,True
659,Türk Medenî Kanunu madde 742 kapsamında DÖRDÜNCÜ KİTAP konusunda Madde 742 Taşınmaz maliki üst taraftaki araziden kendi düzenlemesi nasıl açıklanır?,turkish_law_eski_4721_turk_medeni_kanunu_m742,True,True,True,True,True,True
660,Türk Medenî Kanunu madde 879 kapsamında DÖRDÜNCÜ KİTAP konusunda Madde 879 Muaccel sigorta tazminatı malike bütün rehinli düzenlemesi nasıl açıklanır?,turkish_law_eski_4721_turk_medeni_kanunu_m879,True,True,True,True,True,True
661,Türkiye Cumhuriyeti Anayasası madde 84 kapsamında ÜÇÜNCÜ KISIM konusunda Madde Değişik 1995 4121 İstifa eden milletvekilinin milletvekilliğinin düzenlemesi nasıl açıklanır?,turkish_law_eski_2709_turkiye_cumhuriyeti_anayasasi_m84,True,True,True,True,True,True
662,Türk Medenî Kanunu madde 258 kapsamında İKİNCİ KİTAP konusunda Madde 258 Eşler mal rejimi sözleşmesiyle sadece edinilmiş düzenlemesi nasıl açıklanır?,turkish_law_eski_4721_turk_medeni_kanunu_m258,True,True,True,True,True,True
663,Türk Medenî Kanunu madde 160 kapsamında İKİNCİ KİTAP konusunda Madde 160 Evlenmenin butlanı davasında yetki yargılama usulü düzenlemesi nasıl açıklanır (160) ?,turkish_law_eski_4721_turk_medeni_kanunu_m160_dup3,True,True,False,False,False,True
664,Türkiye Cumhuriyeti Anayasası madde 77 kapsamında ÜÇÜNCÜ KISIM konusunda Madde Değişik 2017 6771 Türkiye Büyük Millet Meclisi düzenlemesi nasıl açıklanır?,turkish_law_eski_2709_turkiye_cumhuriyeti_anayasasi_m77,False,True,True,True,False,True
665,Türk Medenî Kanunu madde 656 kapsamında ÜÇÜNCÜ KİTAP konusunda Madde 656 Taşınmazların bölünmelerine ilişkin kanun hükümleri saklıdır düzenlemesi nasıl açıklanır?,turkish_law_eski_4721_turk_medeni_kanunu_m656,True,True,True,True,True,True
666,Türk Medenî Kanunu madde 89 kapsamında BİRİNCİ KİTAP konusunda Madde Derneğin amacı kanuna ahl aykırı gelirse Cumhuriyet düzenlemesi nasıl açıklanır?,turkish_law_eski_4721_turk_medeni_kanunu_m89,True,True,True,True,True,True
667,Türk Medenî Kanunu madde 957 kapsamında DÖRDÜNCÜ KİTAP konusunda Madde 957 Emtiayı temsil eden kıymetli evrakın rehnedilmesiyle düzenlemesi nasıl açıklanır?,turkish_law_eski_4721_turk_medeni_kanunu_m957,True,True,True,True,True,True
668,Ceza Muhakemesi Kanunu madde 104 kapsamında BİRİNCİ KİTAP konusunda Madde 104 Soruşturma kovuşturma evrelerinin aşamasında şüpheli sanık düzenlemesi nasıl açıklanır?,turkish_law_eski_5271_ceza_muhakemesi_kanunu_m104,True,True,True,True,True,True
669,Ceza Muhakemesi Kanunu madde 180 kapsamında ÜÇÜNCÜ KİTAP konusunda Madde 180 Hastalık mal llük giderilmesi olanağı bulunmayan düzenlemesi nasıl açıklanır?,turkish_law_eski_5271_ceza_muhakemesi_kanunu_m180,False,True,True,True,True,True
670,Türkiye Cumhuriyeti Anayasası madde 130 kapsamında ÜÇÜNCÜ KISIM konusunda Madde 130 Çağdaş eğitim öğretim esaslarına dayanan düzen düzenlemesi nasıl açıklanır?,turkish_law_eski_2709_turkiye_cumhuriyeti_anayasasi_m130_p001,True,True,True,True,True,True
671,Türk Medenî Kanunu madde 397 kapsamında İKİNCİ KİTAP konusunda Madde 397 Kamu vesayeti vesayet makamı denetim makamından düzenlemesi nasıl açıklanır?,turkish_law_eski_4721_turk_medeni_kanunu_m397,True,True,True,True,True,True
672,Türk Medenî Kanunu madde 730 kapsamında DÖRDÜNCÜ KİTAP konusunda Madde 730 taşınmaz malikinin mülkiyet hakkını hakkın yasal düzenlemesi nasıl açıklanır?,turkish_law_eski_4721_turk_medeni_kanunu_m730,True,True,True,True,True,True
673,Ceza Muhakemesi Kanunu madde 161 kapsamında İKİNCİ KİTAP konusunda Ceza Muhakemesi Kanunu Madde 161 Cumhuriyet savcısının görev düzenlemesi nasıl açıklanır (161) ?,turkish_law_eski_5271_ceza_muhakemesi_kanunu_m161_p002,False,True,False,True,False,True
674,Türkiye Cumhuriyeti Anayasası madde 17 kapsamında İKİNCİ KISIM konusunda Madde Herkes yaşama maddi manevi varlığını koruma geliştirme düzenlemesi nasıl açıklanır?,turkish_law_eski_2709_turkiye_cumhuriyeti_anayasasi_m17,True,True,True,True,True,True
675,Türk Medenî Kanunu madde 115 kapsamında BİRİNCİ KİTAP konusunda Madde 115 İçişleri Bakanlığı Anayasada öngörülen llerde belirlenen düzenlemesi nasıl açıklanır?,turkish_law_eski_4721_turk_medeni_kanunu_m115,True,True,True,True,True,True
676,Türk Medenî Kanunu madde 47 kapsamında BİRİNCİ KİTAP konusunda Madde Başlıbaşına varlığı olmak üzere örgütlenmiş kişi toplulukları düzenlemesi nasıl açıklanır?,turkish_law_eski_4721_turk_medeni_kanunu_m47,True,True,True,True,True,True
677,Türk Borçlar Kanunu madde 67 kapsamında BİRİNCİ KISIM konusunda MADDE hayvanın bakımını yönetimini sürekli geçici üstlenen düzenlemesi nasıl açıklanır?,turkish_law_eski_6098_turk_borclar_kanunu_m67,True,True,True,True,True,True
678,Türk Borçlar Kanunu madde 196 kapsamında BİRİNCİ KISIM konusunda MADDE 196 Borçlunun yerine yenisinin geçmesi borcundan kurtarılması düzenlemesi nasıl açıklanır?,turkish_law_eski_6098_turk_borclar_kanunu_m196,True,True,True,True,True,True
679,Türk Medenî Kanunu madde 291 kapsamında İKİNCİ KİTAP konusunda Madde 291 Dava açma süresinin geçmesinden önce kocanın düzenlemesi nasıl açıklanır?,turkish_law_eski_4721_turk_medeni_kanunu_m291,True,True,True,True,True,True
680,Türk Borçlar Kanunu madde 292 kapsamında İKİNCİ KISIM konusunda MADDE 292 Bağışlayan bağışlananın kendisinden önce ölmesi durumunda düzenlemesi nasıl açıklanır?,turkish_law_eski_6098_turk_borclar_kanunu_m292,True,True,True,True,True,True
681,Türk Borçlar Kanunu madde 231 kapsamında İKİNCİ KISIM konusunda MADDE 231 Satıcı uzun süre üstlenmiş olmadıkça satılanın düzenlemesi nasıl açıklanır?,turkish_law_eski_6098_turk_borclar_kanunu_m231,True,True,True,True,True,True
682,Türk Medenî Kanunu madde 255 kapsamında İKİNCİ KİTAP konusunda Madde 255 Eşlerden birinin ölümü linde paylaşma konusu düzenlemesi nasıl açıklanır?,turkish_law_eski_4721_turk_medeni_kanunu_m255,True,True,True,True,True,True
683,Türk Medenî Kanunu madde 785 kapsamında DÖRDÜNCÜ KİTAP konusunda Madde 785 Lehine irtifak kurulan taşınmaz hakkın sağladığı düzenlemesi nasıl açıklanır?,turkish_law_eski_4721_turk_medeni_kanunu_m785,True,True,True,True,True,True
684,Ceza Muhakemesi Kanunu madde 265 kapsamında BEŞİNCİ KİTAP konusunda Madde 265 Cumhuriyet savcısı tarafından aleyhine kanun yoluna düzenlemesi nasıl açıklanır?,turkish_law_eski_5271_ceza_muhakemesi_kanunu_m265,True,True,True,True,True,True
685,Türk Medenî Kanunu madde 961 kapsamında DÖRDÜNCÜ KİTAP konusunda Madde 961 Özenli yönetim rehnedilmiş alacağın muacceliyetinin ihbarını düzenlemesi nasıl açıklanır?,turkish_law_eski_4721_turk_medeni_kanunu_m961,True,True,True,True,True,True
686,Türk Medenî Kanunu madde 595 kapsamında ÜÇÜNCÜ KİTAP konusunda Madde 595 Mirasbırakanın ölümünden sonra ele geçen vasiyetnamesinin düzenlemesi nasıl açıklanır?,turkish_law_eski_4721_turk_medeni_kanunu_m595,True,True,True,True,True,True
687,Türk Medenî Kanunu madde 966 kapsamında DÖRDÜNCÜ KİTAP konusunda Madde 966 Satış bedelinin rehinli alacak miktarından fazla düzenlemesi nasıl açıklanır?,turkish_law_eski_4721_turk_medeni_kanunu_m966,True,True,True,True,True,True
688,Türk Medenî Kanunu madde 25 kapsamında BİRİNCİ KİTAP konusunda Madde Davacı kimden saldırı tehlikesinin önlenmesini sürmekte saldırıya düzenlemesi nasıl açıklanır?,turkish_law_eski_4721_turk_medeni_kanunu_m25,True,True,True,True,True,True
689,Türk Medenî Kanunu madde 602 kapsamında ÜÇÜNCÜ KİTAP konusunda Madde 602 Vasiyet alacaklısının dava hakkı ölüme bağlı düzenlemesi nasıl açıklanır?,turkish_law_eski_4721_turk_medeni_kanunu_m602,True,True,True,True,True,True
690,Bilgi Edinme Hakkı Kanunu madde 9 kapsamında ÜÇÜNCÜ BÖLÜM konusunda Madde İstenen bilgi belgelerde gizlilik dereceli açıklanması yasaklanan düzenlemesi nasıl açıklanır?,turkish_law_eski_4982_bilgi_edinme_hakki_kanunu_m9,True,True,True,True,True,True
691,Türk Medenî Kanunu madde 85 kapsamında BİRİNCİ KİTAP konusunda Madde Yönetim kurulu derneğin yürütme temsil organıdır görevini düzenlemesi nasıl açıklanır?,turkish_law_eski_4721_turk_medeni_kanunu_m85,True,True,True,True,True,True
692,Türk Medenî Kanunu madde 633 kapsamında ÜÇÜNCÜ KİTAP konusunda Madde 633 Mirasbırakanın alacaklarını elde edemeyeceklerinden inandırıcı sebeplerle düzenlemesi nasıl açıklanır?,turkish_law_eski_4721_turk_medeni_kanunu_m633,True,True,True,True,True,True
693,Ceza Muhakemesi Kanunu madde 248 kapsamında ÜÇÜNCÜ KİTAP konusunda Ceza Muhakemesi Kanunu Madde 248 Zorlama amaçlı elkoyma düzenlemesi nasıl açıklanır?,turkish_law_eski_5271_ceza_muhakemesi_kanunu_m248_p002,False,True,False,True,True,True
694,Ceza Muhakemesi Kanunu madde 154 kapsamında BİRİNCİ KİTAP konusunda Madde 154 Şüpheli sanık vek letname aranmaksızın müdafii düzenlemesi nasıl açıklanır?,turkish_law_eski_5271_ceza_muhakemesi_kanunu_m154,True,True,True,True,True,True
695,Türk Medenî Kanunu madde 617 kapsamında ÜÇÜNCÜ KİTAP konusunda Madde 617 Malvarlığı borcuna yetmeyen mirasçı alacaklılarına zarar düzenlemesi nasıl açıklanır?,turkish_law_eski_4721_turk_medeni_kanunu_m617,True,True,True,True,True,True
696,Türk Medenî Kanunu madde 112 kapsamında BİRİNCİ KİTAP konusunda Madde 112 Haklı sebepler varsa mahkeme vakfın yönetim düzenlemesi nasıl açıklanır?,turkish_law_eski_4721_turk_medeni_kanunu_m112,True,True,True,True,True,True
697,Türk Medenî Kanunu madde 183 kapsamında İKİNCİ KİTAP konusunda Madde 183 Ana babanın başkasıyla evlenmesi başka yere düzenlemesi nasıl açıklanır?,turkish_law_eski_4721_turk_medeni_kanunu_m183,True,True,True,True,True,True
698,Türk Medenî Kanunu madde 575 kapsamında ÜÇÜNCÜ KİTAP konusunda Madde 575 Miras mirasbırakanın ölümüyle açılır düzenlemesi nasıl açıklanır?,turkish_law_eski_4721_turk_medeni_kanunu_m575,True,True,True,True,True,True
699,Türk Medenî Kanunu madde 902 kapsamında DÖRDÜNCÜ KİTAP konusunda Madde 902 İpotekli borç senedinin güvencesi taşınmazın devrine düzenlemesi nasıl açıklanır?,turkish_law_eski_4721_turk_medeni_kanunu_m902,True,True,True,True,True,True
700,Türk Medenî Kanunu madde 778 kapsamında DÖRDÜNCÜ KİTAP konusunda Madde 778 Taşınır mülkiyeti malik tarafından terk edilmedikçe düzenlemesi nasıl açıklanır?,turkish_law_eski_4721_turk_medeni_kanunu_m778,True,True,True,True,True,True
701,Türk Medenî Kanunu madde 774 kapsamında DÖRDÜNCÜ KİTAP konusunda Madde 774 rüzg çığ diğer doğal güçlerin etkisiyle düzenlemesi nasıl açıklanır?,turkish_law_eski_4721_turk_medeni_kanunu_m774,True,True,True,True,True,True
702,Türk Medenî Kanunu madde 484 kapsamında İKİNCİ KİTAP konusunda Madde 484 Ayırt etme gücüne sahip vesayet altındaki düzenlemesi nasıl açıklanır?,turkish_law_eski_4721_turk_medeni_kanunu_m484,True,True,True,True,True,True
703,Türk Medenî Kanunu madde 394 kapsamında İKİNCİ KİTAP konusunda Madde 394 Malikin ölümünden sonra aile yurdunun devam düzenlemesi nasıl açıklanır?,turkish_law_eski_4721_turk_medeni_kanunu_m394,True,True,True,True,True,True
704,Ceza Muhakemesi Kanunu madde 170 kapsamında İKİNCİ KİTAP konusunda Madde 170 Kamu davasını açma görevi Cumhuriyet savcısı düzenlemesi nasıl açıklanır?,turkish_law_eski_5271_ceza_muhakemesi_kanunu_m170,False,True,True,True,True,True
705,Türk Borçlar Kanunu madde 358 kapsamında İKİNCİ KISIM konusunda MADDE 358 ayırımda ürün kirasına ilişkin özel hüküm düzenlemesi nasıl açıklanır?,turkish_law_eski_6098_turk_borclar_kanunu_m358,True,True,True,True,True,True
706,Türk Medenî Kanunu madde 875 kapsamında DÖRDÜNCÜ KİTAP konusunda Madde 875 Taşınmaz rehninin alacaklıya sağladığı güvencenin kapsamına düzenlemesi nasıl açıklanır?,turkish_law_eski_4721_turk_medeni_kanunu_m875,True,True,True,True,True,True
707,Türk Medenî Kanunu madde 675 kapsamında ÜÇÜNCÜ KİTAP konusunda Madde 675 Olağan hediyeler evlenme sırasında yapılan geleneğe düzenlemesi nasıl açıklanır?,turkish_law_eski_4721_turk_medeni_kanunu_m675,True,True,True,True,True,True
708,Ceza Muhakemesi Kanunu madde 246 kapsamında ÜÇÜNCÜ KİTAP konusunda Madde 246 Mahkeme gaip sanık duruşmaya gelmesi linde düzenlemesi nasıl açıklanır?,turkish_law_eski_5271_ceza_muhakemesi_kanunu_m246,True,True,True,True,True,True
709,Türk Medenî Kanunu madde 859 kapsamında DÖRDÜNCÜ KİTAP konusunda Madde 859 Yetkili kamu kurum kuruluşu tarafından gerçekleştirilen düzenlemesi nasıl açıklanır?,turkish_law_eski_4721_turk_medeni_kanunu_m859,True,True,True,True,True,True
710,Türk Medenî Kanunu madde 1012 kapsamında DÖRDÜNCÜ KİTAP konusunda Madde 1012 taşınmazın eklentileri malikin istemi üzerine kütükteki düzenlemesi nasıl açıklanır?,turkish_law_eski_4721_turk_medeni_kanunu_m1012,True,True,True,True,True,True
711,Bilgi Edinme Hakkı Kanunu madde 16 kapsamında DÖRDÜNCÜ BÖLÜM konusunda Madde Açıklanması linde Devletin emniyetine dış ilişkilerine mill düzenlemesi nasıl açıklanır?,turkish_law_eski_4982_bilgi_edinme_hakki_kanunu_m16,True,True,True,True,True,True
712,Türk Medenî Kanunu madde 782 kapsamında DÖRDÜNCÜ KİTAP konusunda Madde 782 Malik kendisine ait iki taşınmazdan biri düzenlemesi nasıl açıklanır?,turkish_law_eski_4721_turk_medeni_kanunu_m782,True,True,True,True,True,True
713,Ceza Muhakemesi Kanunu madde 1 kapsamında BİRİNCİ KİTAP konusunda Madde Kanun ceza muhakemesinin yapılacağı hususundaki kurallar sürece düzenlemesi nasıl açıklanır?,turkish_law_eski_5271_ceza_muhakemesi_kanunu_m1,True,True,True,True,True,True
714,Türk Medenî Kanunu madde 677 kapsamında ÜÇÜNCÜ KİTAP konusunda Madde 677 Terekenin tamamı kısmı üzerinde miras payının düzenlemesi nasıl açıklanır?,turkish_law_eski_4721_turk_medeni_kanunu_m677,True,True,True,True,True,True
715,Türk Medenî Kanunu madde 850 kapsamında DÖRDÜNCÜ KİTAP konusunda Madde 850 Taşınmaz rehni ipotek ipotekli borç senedi düzenlemesi nasıl açıklanır?,turkish_law_eski_4721_turk_medeni_kanunu_m850,True,True,True,True,True,True
716,Türk Medenî Kanunu madde 932 kapsamında DÖRDÜNCÜ KİTAP konusunda Madde 932 Seri linde çıkarılan senetler birinin değeri düzenlemesi nasıl açıklanır?,turkish_law_eski_4721_turk_medeni_kanunu_m932,True,True,True,True,True,True
717,Türk Medenî Kanunu madde 451 kapsamında İKİNCİ KİTAP konusunda Madde 451 Ayırt etme gücüne sahip vesayet altındaki düzenlemesi nasıl açıklanır?,turkish_law_eski_4721_turk_medeni_kanunu_m451,True,True,True,True,True,True
718,Türk Medenî Kanunu madde 192 kapsamında İKİNCİ KİTAP konusunda Madde 192 Eşlerden biri meslek seçiminde diğerinin iznini düzenlemesi nasıl açıklanır?,turkish_law_eski_4721_turk_medeni_kanunu_m192,True,True,True,True,True,True
719,Türk Medenî Kanunu madde 808 kapsamında DÖRDÜNCÜ KİTAP konusunda Madde 808 Haklarının tehlikeye düştüğünü ispat eden malik düzenlemesi nasıl açıklanır?,turkish_law_eski_4721_turk_medeni_kanunu_m808,True,True,True,True,True,True
720,Türk Medenî Kanunu madde 728 kapsamında DÖRDÜNCÜ KİTAP konusunda Madde 728 Başkasının arazisi üzerinde kalıcı olması amaçlanmaksızın düzenlemesi nasıl açıklanır?,turkish_law_eski_4721_turk_medeni_kanunu_m728,True,True,True,True,True,True
721,"Hukuk Genel Kurulu 2024/384 E., 2024/247 K. sayılı Yargıtay HGK kararında Tespit Davası; Direnme Kararı; Yargıtay konusunda uyuşmazlık özeti içinde türü Yargıtay Hukuk Genel Kurulu kararı Emsal karar ifadesi hangi değerlendirmeyle ilişkilidir?",yargitay_0057_is_hukuku_001,True,True,True,True,True,True
722,"Hukuk Genel Kurulu 2013/2089 E., 2015/1237 K. sayılı Yargıtay HGK kararında Temyiz İncelemesi; Direnme Kararının Niteliği; Maddi Hata konusunda uyuşmazlık özeti içinde türü Yargıtay Hukuk Genel Kurulu kararı Emsal karar ifadesi hangi değerlendirmeyle ilişkilidir?",yargitay_0966_medeni_usul_hukuku_001,True,True,True,True,True,True
723,"Hukuk Genel Kurulu 2014/264 E., 2015/1671 K. sayılı Yargıtay HGK kararında Kira Alacağının Tahsili Amacıyla Başlatılan Takibe İtirazın Kaldırılması konusunda karar metni içinde Hukuk Genel Kurulundaki görüşmeler sırasında havalenin mevcut borcun ifadesi hangi değerlendirmeyle ilişkilidir?",yargitay_1227_icra_ve_iflas_hukuku_007,False,True,False,True,False,True
724,"Hukuk Genel Kurulu 2024/266 E., 2024/232 K. sayılı Yargıtay HGK kararında Temyiz Yargılaması; Hukuk Genel Kurulunun Bozma Kararına Uyulması konusunda karar metni içinde Hukuk Genel Kurulu 2024 266 2024 232 ifadesi hangi değerlendirmeyle ilişkilidir?",yargitay_0044_medeni_usul_hukuku_002,False,False,True,True,False,True
725,"Hukuk Genel Kurulu 2013/2224 E., 2015/1350 K. sayılı Yargıtay HGK kararında Davaların Bağlantısı ve Görev konusunda karar metni içinde HUKUK GENEL KURULU KARARI Hukuk Genel Kurulunca incelenerek ifadesi hangi değerlendirmeyle ilişkilidir?",yargitay_1300_is_hukuku_006,False,False,False,False,False,False
726,"Hukuk Genel Kurulu 2013/2385 E., 2015/1511 K. sayılı Yargıtay HGK kararında Temyiz Yolu; Kesinlik Sınırı konusunda karar metni içinde Hukuk Genel Kurulu 2013 2385 2015 1511 ifadesi hangi değerlendirmeyle ilişkilidir?",yargitay_1251_medeni_usul_hukuku_002,False,True,False,True,False,True
727,"Hukuk Genel Kurulu 2024/744 E., 2024/547 K. sayılı Yargıtay HGK kararında Temyiz İncelemesi; Hukuk Genel Kurulu Bozma Kararına Uyularak Verilen Yeni Hüküm konusunda uyuşmazlık özeti içinde türü Yargıtay Hukuk Genel Kurulu kararı Emsal karar ifadesi hangi değerlendirmeyle ilişkilidir?",yargitay_0161_medeni_usul_hukuku_001,True,True,True,True,True,True
728,"Hukuk Genel Kurulu 2024/593 E., 2024/675 K. sayılı Yargıtay HGK kararında Temyiz; Adli Yardım Talebinin Reddi konusunda uyuşmazlık özeti içinde türü Yargıtay Hukuk Genel Kurulu kararı Emsal karar ifadesi hangi değerlendirmeyle ilişkilidir?",yargitay_0424_medeni_usul_hukuku_001,True,True,True,True,True,True
729,"Hukuk Genel Kurulu 2024/282 E., 2024/527 K. sayılı Yargıtay HGK kararında Temyiz Kesinlik Sınırı konusunda uyuşmazlık özeti içinde türü Yargıtay Hukuk Genel Kurulu kararı Emsal karar ifadesi hangi değerlendirmeyle ilişkilidir?",yargitay_0154_icra_ve_iflas_hukuku_001,True,True,True,True,True,True
730,"Hukuk Genel Kurulu 2013/2374 E., 2015/2016 K. sayılı Yargıtay HGK kararında Haczedilmezlik Şikayeti; Kamu Hizmetinde Fiilen Kullanılan Belediye Malları konusunda karar metni içinde Hukuk Genel Kurulu 2013 2374 2015 2016 ifadesi hangi değerlendirmeyle ilişkilidir?",yargitay_0850_icra_ve_iflas_hukuku_002,False,True,True,True,True,True
731,"Hukuk Genel Kurulu 2013/1850 E., 2015/1180 K. sayılı Yargıtay HGK kararında Kira Sözleşmesi; Akde Aykırılık Nedeniyle Tahliye; Konusuz Kalan Davada Yargılama Giderleri konusunda karar metni içinde Davalıların konut kiraladığı taşınmazı işyeri kullandıklarının tespit edilmesi ifadesi hangi değerlendirmeyle ilişkilidir?",yargitay_0947_borclar_hukuku_008,False,True,False,True,True,True
732,"Hukuk Genel Kurulu 2015/1605 E., 2015/1701 K. sayılı Yargıtay HGK kararında Hükmün Kurulması ve İçeriği konusunda uyuşmazlık özeti içinde türü Yargıtay Hukuk Genel Kurulu kararı Emsal karar ifadesi hangi değerlendirmeyle ilişkilidir?",yargitay_1228_medeni_usul_hukuku_001,True,True,True,True,True,True
733,"Hukuk Genel Kurulu 2013/2381 E., 2015/1469 K. sayılı Yargıtay HGK kararında İtirazın İptali; İşçi Çavuşluğu Ücret Alacağı konusunda uyuşmazlık özeti içinde türü Yargıtay Hukuk Genel Kurulu kararı Emsal karar ifadesi hangi değerlendirmeyle ilişkilidir?",yargitay_1325_borclar_hukuku_001,True,True,True,True,True,True
734,"Hukuk Genel Kurulu 2014/1500 E., 2015/1519 K. sayılı Yargıtay HGK kararında Kentsel Dönüşüm Sözleşmesinden Kaynaklanan Alacak; Tapu Tahsis Belgeli Taşınmaz konusunda karar metni içinde sözleşme belirlenen bina müştemilatların analiz raporları taraflar arasında ifadesi hangi değerlendirmeyle ilişkilidir?",yargitay_1264_borclar_hukuku_004,False,True,False,True,True,True
735,"Hukuk Genel Kurulu 2013/2306 E., 2015/1356 K. sayılı Yargıtay HGK kararında Aile Hukuku; Aile Konutu Üzerine Tesis Edilen İpotek konusunda karar metni içinde ipotek doğrudan doğruya aile konutundan faydalanma oturma hakkını ifadesi hangi değerlendirmeyle ilişkilidir?",yargitay_0075_medeni_hukuk_005,False,True,True,True,False,True
736,"Hukuk Genel Kurulu 2014/2512 E., 2015/1228 K. sayılı Yargıtay HGK kararında İşçilik Alacakları; İş Akdinin Haklı Nedenle Feshi; İşçinin Doğruluk ve Bağlılığa Aykırı Davranışı konusunda uyuşmazlık özeti içinde türü Yargıtay Hukuk Genel Kurulu kararı Emsal karar ifadesi hangi değerlendirmeyle ilişkilidir?",yargitay_0977_is_hukuku_001,True,True,True,True,True,True
737,"Hukuk Genel Kurulu 2015/231 E., 2015/1467 K. sayılı Yargıtay HGK kararında Ziynet Alacağı Davası; İspat Yükü; 4721 sayılı Türk Medeni Kanunu m. 6 konusunda karar metni içinde Bunun sonucu normal koşullarda ziynet eşyalarının kadının üzerinde ifadesi hangi değerlendirmeyle ilişkilidir?",yargitay_1273_aile_hukuku_004,False,False,False,True,True,True
738,"Hukuk Genel Kurulu 2013/2160 E., 2015/1347 K. sayılı Yargıtay HGK kararında Kurum İşleminin İptali ve Menfi Tespit konusunda karar metni içinde Yapılacak 506 Sayılı Yasa nın maddesi karşısında davacının ifadesi hangi değerlendirmeyle ilişkilidir?",yargitay_1341_sosyal_guvenlik_hukuku_005,False,False,False,False,False,False
739,"Hukuk Genel Kurulu 2013/2124 E., 2015/1321 K. sayılı Yargıtay HGK kararında Doğum Borçlanması konusunda uyuşmazlık özeti içinde türü Yargıtay Hukuk Genel Kurulu kararı Emsal karar ifadesi hangi değerlendirmeyle ilişkilidir?",yargitay_1283_sosyal_guvenlik_hukuku_001,True,True,True,True,True,True
740,"Hukuk Genel Kurulu 2013/1910 E., 2015/1203 K. sayılı Yargıtay HGK kararında İhalenin Feshi; Kanun Yolları konusunda karar metni içinde Gerek ülkemizde gerekse yabancı hukuklarda savcılık kurumuna duyulan ifadesi hangi değerlendirmeyle ilişkilidir?",yargitay_0949_icra_ve_iflas_hukuku_004,False,False,True,True,False,True
741,"Hukuk Genel Kurulu 2013/1711 E., 2015/1024 K. sayılı Yargıtay HGK kararında İcra Mahkemesinin Hukuk ve Ceza Bölümleri Arasındaki İş Bölümü konusunda karar metni içinde Yukarıda yapılan açıklamaların ışığında icra mahkemesinin hukuk bölümü ifadesi hangi değerlendirmeyle ilişkilidir?",yargitay_0845_icra_ve_iflas_hukuku_007,False,True,False,True,False,True
742,"Hukuk Genel Kurulu 2024/786 E., 2025/270 K. sayılı Yargıtay HGK kararında Yargıtay Bozma Kararına Uyma; Usuli Kazanılmış Hak konusunda karar metni içinde İçtihat Metni MAHKEMESİ İcra Hukuk Mahkemesi SAYISI 2024 ifadesi hangi değerlendirmeyle ilişkilidir?",yargitay_1115_medeni_usul_hukuku_003,False,False,True,True,False,True
743,"Hukuk Genel Kurulu 2013/2317 E., 2015/1509 K. sayılı Yargıtay HGK kararında Görevli Mahkeme; İşe İade Davası konusunda uyuşmazlık özeti içinde türü Yargıtay Hukuk Genel Kurulu kararı Emsal karar ifadesi hangi değerlendirmeyle ilişkilidir?",yargitay_1242_is_hukuku_001,True,True,True,True,True,True
744,"Hukuk Genel Kurulu 2024/316 E., 2024/385 K. sayılı Yargıtay HGK kararında Temyiz İncelemesi; Direnme Kararının Hukuk Genel Kurulunca Bozulması konusunda karar metni içinde Hukuk Genel Kurulu 2024 316 2024 385 ifadesi hangi değerlendirmeyle ilişkilidir?",yargitay_0091_medeni_usul_hukuku_002,False,False,True,True,False,True
745,"Hukuk Genel Kurulu 2015/46 E., 2015/1158 K. sayılı Yargıtay HGK kararında Yoksulluk Nafakası; Her Davanın Açıldığı Tarihteki Maddi ve Hukuki Olgulara Göre Sonuçlandırılması İlkesi konusunda uyuşmazlık özeti içinde türü Yargıtay Hukuk Genel Kurulu kararı Emsal karar ifadesi hangi değerlendirmeyle ilişkilidir?",yargitay_0076_aile_hukuku_001,True,True,True,True,True,True
746,"Hukuk Genel Kurulu 2025/229 E., 2025/286 K. sayılı Yargıtay HGK kararında Temyiz; Direnme Kararının Bozulması ve Bozmaya Uyma konusunda karar metni içinde Hukuk Genel Kurulu 2025 229 2025 286 ifadesi hangi değerlendirmeyle ilişkilidir?",yargitay_1121_medeni_usul_hukuku_002,False,False,True,True,True,True
747,"Hukuk Genel Kurulu 2024/380 E., 2024/259 K. sayılı Yargıtay HGK kararında Temyiz Usulü; Direnme Kararının Hukuk Genel Kurulunca Bozulması konusunda uyuşmazlık özeti içinde türü Yargıtay Hukuk Genel Kurulu kararı Emsal karar ifadesi hangi değerlendirmeyle ilişkilidir?",yargitay_0064_medeni_usul_hukuku_001,True,True,True,True,True,True
748,"Hukuk Genel Kurulu 2023/639 E., 2025/86 K. sayılı Yargıtay HGK kararında Tapu Sicilinin Tutulmasından Doğan Sorumluluk; Usul Hukuku; Temyizde Kesinlik Sınırı; Asıl temyiz isteminin esasa girilmeden reddedilmesi hâlinde katılma yoluyla temyiz isteminin de incelenemeyeceği hususu konusunda karar metni içinde II ifadesi hangi değerlendirmeyle ilişkilidir?",yargitay_0923_medeni_hukuk_003,False,False,False,False,False,False
749,"Hukuk Genel Kurulu 2024/141 E., 2024/144 K. sayılı Yargıtay HGK kararında Temyiz; Direnme Kararı konusunda uyuşmazlık özeti içinde türü Yargıtay Hukuk Genel Kurulu kararı Emsal karar ifadesi hangi değerlendirmeyle ilişkilidir?",yargitay_0033_medeni_usul_hukuku_001,True,True,True,True,True,True
750,"Hukuk Genel Kurulu 2024/47 E., 2024/648 K. sayılı Yargıtay HGK kararında Temyiz; Temyiz Kesinlik Sınırı konusunda uyuşmazlık özeti içinde türü Yargıtay Hukuk Genel Kurulu kararı Emsal karar ifadesi hangi değerlendirmeyle ilişkilidir?",yargitay_0400_medeni_usul_hukuku_001,True,True,True,True,True,True
751,"Hukuk Genel Kurulu 2024/596 E., 2024/678 K. sayılı Yargıtay HGK kararında Temyiz Usulü; Adli Yardım ve Temyiz Harçları konusunda uyuşmazlık özeti içinde türü Yargıtay Hukuk Genel Kurulu kararı Emsal karar ifadesi hangi değerlendirmeyle ilişkilidir?",yargitay_0430_medeni_usul_hukuku_001,True,True,True,True,True,True
752,"Hukuk Genel Kurulu 2023/1024 E., 2024/600 K. sayılı Yargıtay HGK kararında Kamulaştırma Bedelinin Tespiti konusunda karar metni içinde 2 ifadesi hangi değerlendirmeyle ilişkilidir?",yargitay_0425_kamulastirma_hukuku_006,False,False,False,False,False,False
753,"Hukuk Genel Kurulu 2013/2047 E., 2015/1199 K. sayılı Yargıtay HGK kararında Meskeniyet Sebebiyle Haczedilmezlik Şikayeti konusunda karar metni içinde İçtihat Metni Taraflar arasındaki şikayet kanun yolundan dolayı ifadesi hangi değerlendirmeyle ilişkilidir?",yargitay_0950_icra_ve_iflas_hukuku_003,False,False,False,False,False,False
754,"Hukuk Genel Kurulu 2023/877 E., 2024/83 K. sayılı Yargıtay HGK kararında Menfi Tespit Davası; Temyiz Kesinlik Sınırı konusunda karar metni içinde KARAR Davanın kısmen kabulüne ÖZEL DAİRE KARARI Yargıtay ifadesi hangi değerlendirmeyle ilişkilidir?",yargitay_0013_medeni_usul_hukuku_003,False,False,False,False,False,False
755,"Hukuk Genel Kurulu 2023/599 E., 2025/121 K. sayılı Yargıtay HGK kararında Kamulaştırmasız El Atma Nedeniyle Tazminat; Hukuk Genel Kurulundaki temyiz incelemesi sırasında ilgili kanun hükümlerinin Anayasa Mahkemesince iptal edilmesi; Oluşan yeni hukuki durum karşısında dosyanın incelenmek üzere Özel Daireye gönderilmesi gerekip gerekmediği konusunda karar metni içinde A ifadesi hangi değerlendirmeyle ilişkilidir?",yargitay_0942_kamulastirma_hukuku_004,False,False,False,False,False,False
756,"Hukuk Genel Kurulu 2013/1522 E., 2015/1196 K. sayılı Yargıtay HGK kararında Kooperatif Hukuku; Kooperatif Ortaklığından İhraç Kararının İptali konusunda karar metni içinde 2006 tarihli ihtarname davacının kooperatife bildirdiği ifadesi hangi değerlendirmeyle ilişkilidir?",yargitay_0957_ticaret_hukuku_004,False,False,False,False,False,False
757,"Hukuk Genel Kurulu 2013/1697 E., 2015/790 K. sayılı Yargıtay HGK kararında Hukuki Dinlenilme Hakkı konusunda karar metni içinde Hukuk Genel Kurulu 2013 1697 2015 790 ifadesi hangi değerlendirmeyle ilişkilidir?",yargitay_0679_medeni_usul_hukuku_002,False,True,False,True,False,True
758,"Hukuk Genel Kurulu 2013/2306 E., 2015/1356 K. sayılı Yargıtay HGK kararında Aile Hukuku; Aile Konutu Üzerine Tesis Edilen İpotek konusunda karar metni içinde HUKUK GENEL KURULU KARARI Hukuk Genel Kurulunca incelenerek ifadesi hangi değerlendirmeyle ilişkilidir?",yargitay_0075_medeni_hukuk_003,False,False,False,False,False,False
759,"Hukuk Genel Kurulu 2015/304 E., 2015/1093 K. sayılı Yargıtay HGK kararında Devletin Sorumluluğu; Yargısal Faaliyetten Kaynaklanan Tazminat Davası konusunda karar metni içinde 2014 tarihli HSYK kararı Yargıtay üye seçildiği kazandığı ifadesi hangi değerlendirmeyle ilişkilidir?",yargitay_0911_medeni_usul_hukuku_006,False,True,True,True,False,True
760,"Hukuk Genel Kurulu 2024/179 E., 2025/373 K. sayılı Yargıtay HGK kararında Anonim Şirketin İhyası; Hak Düşürücü Süre; Anayasa Mahkemesi'nin İptal Kararı konusunda karar metni içinde Hukuk Genel Kurulu 2024 179 2025 373 ifadesi hangi değerlendirmeyle ilişkilidir?",yargitay_1345_ticaret_hukuku_002,False,False,False,True,True,True
761,"Hukuk Genel Kurulu 2024/468 E., 2024/384 K. sayılı Yargıtay HGK kararında Yargılama Usulü; Hukuk Genel Kurulunun Bozma Kararına Uyularak Verilen Yeni Hükmün Temyizi konusunda uyuşmazlık özeti içinde türü Yargıtay Hukuk Genel Kurulu kararı Emsal karar ifadesi hangi değerlendirmeyle ilişkilidir?",yargitay_0088_is_hukuku_001,True,True,True,True,True,True
762,"Hukuk Genel Kurulu 2024/196 E., 2024/673 K. sayılı Yargıtay HGK kararında Temyiz Aşamasında Adli Yardım Talebi konusunda karar metni içinde KARAR Davanın açılmamış sayılmasına ifadesi hangi değerlendirmeyle ilişkilidir?",yargitay_0420_medeni_usul_hukuku_003,False,False,False,False,False,False
763,"Hukuk Genel Kurulu 2024/533 E., 2024/391 K. sayılı Yargıtay HGK kararında Temyiz İncelemesi; Hukuk Genel Kurulunun Bozma Kararına Uyma konusunda uyuşmazlık özeti içinde türü Yargıtay Hukuk Genel Kurulu kararı Emsal karar ifadesi hangi değerlendirmeyle ilişkilidir?",yargitay_0101_medeni_usul_hukuku_001,True,True,False,True,True,True
764,"Hukuk Genel Kurulu 2015/1737 E., 2015/1705 K. sayılı Yargıtay HGK kararında Yargılama Usulü; Direnme Kararı konusunda karar metni içinde HUKUK GENEL KURULU KARARI Hukuk Genel Kurulu nca ifadesi hangi değerlendirmeyle ilişkilidir?",yargitay_1250_medeni_usul_hukuku_003,False,False,False,False,False,False
765,"Hukuk Genel Kurulu 2025/304 E., 2025/279 K. sayılı Yargıtay HGK kararında Temyiz Usulü; Bozmaya Uyma konusunda karar metni içinde Hukuk Genel Kurulu 2025 304 2025 279 ifadesi hangi değerlendirmeyle ilişkilidir?",yargitay_1039_medeni_usul_hukuku_002,False,False,True,True,False,True
766,"Hukuk Genel Kurulu 2013/1695 E., 2015/1035 K. sayılı Yargıtay HGK kararında Haczedilmezlik Şikayeti; Süresiz Şikayet; 775 sayılı Gecekondu Kanunu m. 34; 2004 sayılı İcra ve İflas Kanunu m. 16 konusunda karar metni içinde HUKUK GENEL KURULU KARARI Hukuk Genel Kurulunca incelenerek ifadesi hangi değerlendirmeyle ilişkilidir?",yargitay_0836_icra_ve_iflas_hukuku_003,False,False,False,False,False,False
767,"Hukuk Genel Kurulu 2014/51 E., 2015/1678 K. sayılı Yargıtay HGK kararında Kamulaştırma Bedelinin Tespiti; Yapı Değerinin Hesaplanması; Anayasa m. 46 konusunda uyuşmazlık özeti içinde türü Yargıtay Hukuk Genel Kurulu kararı Emsal karar ifadesi hangi değerlendirmeyle ilişkilidir?",yargitay_0009_kamulastirma_hukuku_001,True,True,True,True,True,True
768,"Hukuk Genel Kurulu 2013/2195 E., 2015/1141 K. sayılı Yargıtay HGK kararında Kambiyo Senetlerine Özgü Takipte İmzaya ve Borca İtiraz; İcra Mahkemesinde Uygulanacak Yargılama Usulü konusunda karar metni içinde İçtihat Metni Taraflar arasındaki imzaya borca itiraz davasından ifadesi hangi değerlendirmeyle ilişkilidir?",yargitay_0079_icra_ve_iflas_hukuku_003,False,True,True,True,True,True
769,"Hukuk Genel Kurulu 2013/1517 E., 2015/800 K. sayılı Yargıtay HGK kararında Hükmün Kurulması ve İçeriği konusunda uyuşmazlık özeti içinde türü Yargıtay Hukuk Genel Kurulu kararı Emsal karar ifadesi hangi değerlendirmeyle ilişkilidir?",yargitay_0672_medeni_usul_hukuku_001,True,True,True,True,True,True
770,"Hukuk Genel Kurulu 2013/1850 E., 2015/1180 K. sayılı Yargıtay HGK kararında Kira Sözleşmesi; Akde Aykırılık Nedeniyle Tahliye; Konusuz Kalan Davada Yargılama Giderleri konusunda karar metni içinde Diğer kira ilişkilerinde kiraya veren kiracıya önceden ihtarda ifadesi hangi değerlendirmeyle ilişkilidir?",yargitay_0947_borclar_hukuku_004,False,True,False,True,False,True
771,"Hukuk Genel Kurulu 2015/855 E., 2015/1207 K. sayılı Yargıtay HGK kararında Temyiz Usulü; Direnme Kararı konusunda karar metni içinde Hukuk Genel Kurulu 2015 855 2015 1207 ifadesi hangi değerlendirmeyle ilişkilidir?",yargitay_0962_medeni_usul_hukuku_002,False,True,True,True,False,True
772,"Hukuk Genel Kurulu 2013/2385 E., 2015/1511 K. sayılı Yargıtay HGK kararında Temyiz Yolu; Kesinlik Sınırı konusunda uyuşmazlık özeti içinde türü Yargıtay Hukuk Genel Kurulu kararı Emsal karar ifadesi hangi değerlendirmeyle ilişkilidir?",yargitay_1251_medeni_usul_hukuku_001,True,True,True,True,True,True
773,"Hukuk Genel Kurulu 2014/210 E., 2015/2028 K. sayılı Yargıtay HGK kararında Görevli Mahkeme; Soyadının Değiştirilmesi Davası konusunda uyuşmazlık özeti içinde türü Yargıtay Hukuk Genel Kurulu kararı Emsal karar ifadesi hangi değerlendirmeyle ilişkilidir?",yargitay_0827_medeni_usul_hukuku_001,True,True,True,True,True,True
774,"Hukuk Genel Kurulu 2024/698 E., 2024/518 K. sayılı Yargıtay HGK kararında Konkordato; Direnme Kararının Hukuk Genel Kurulunca Bozulması ve Bozmaya Uyulması konusunda karar metni içinde Hukuk Genel Kurulu 2024 698 2024 518 ifadesi hangi değerlendirmeyle ilişkilidir?",yargitay_0151_icra_ve_iflas_hukuku_002,False,True,True,True,False,True
775,"Hukuk Genel Kurulu 2014/2020 E., 2015/433 K. sayılı Yargıtay HGK kararında Temyiz Harçları; 492 sayılı Harçlar Kanunu; 1086 sayılı HUMK m. 434; 25.01.1985 gün ve 1984/5 E. 1985/1 K. sayılı YİBK konusunda uyuşmazlık özeti içinde türü Yargıtay Hukuk Genel Kurulu kararı Emsal karar ifadesi hangi değerlendirmeyle ilişkilidir?",yargitay_0357_medeni_usul_hukuku_001,True,True,True,True,True,True
776,"Hukuk Genel Kurulu 2024/194 E., 2024/672 K. sayılı Yargıtay HGK kararında Hâkimlerin Hukuki Sorumluluğuna Dayalı Tazminat Davası konusunda karar metni içinde Hukuk Genel Kurulu Kararı ifadesi hangi değerlendirmeyle ilişkilidir?",yargitay_0418_medeni_usul_hukuku_006,False,False,False,False,False,False
777,"Hukuk Genel Kurulu 2013/2442 E., 2015/1545 K. sayılı Yargıtay HGK kararında Kambiyo Senetlerine Mahsus Haciz Yoluyla Takip; Bonoda Tahrifat ve Kötüniyet Tazminatı konusunda karar metni içinde Davacı vekilinin temyiz itirazlarının kabulü direnme kararının Özel ifadesi hangi değerlendirmeyle ilişkilidir?",yargitay_1229_icra_ve_iflas_hukuku_008,False,False,False,False,False,False
778,"Hukuk Genel Kurulu 2024/179 E., 2025/373 K. sayılı Yargıtay HGK kararında Anonim Şirketin İhyası; Hak Düşürücü Süre; Anayasa Mahkemesi'nin İptal Kararı konusunda karar metni içinde B ifadesi hangi değerlendirmeyle ilişkilidir?",yargitay_1345_ticaret_hukuku_004,False,False,False,False,False,False
779,"Hukuk Genel Kurulu 2015/2321 E., 2015/1694 K. sayılı Yargıtay HGK kararında Temyiz Usulü; Direnme Kararı ve Yeni Hüküm konusunda karar metni içinde Hukuk Genel Kurulu 2015 2321 2015 1694 ifadesi hangi değerlendirmeyle ilişkilidir?",yargitay_1236_is_hukuku_002,False,True,True,True,False,True
780,"Hukuk Genel Kurulu 2013/2056 E., 2015/1201 K. sayılı Yargıtay HGK kararında Aile Hukuku; Aile Konutu Üzerinde İpotek konusunda uyuşmazlık özeti içinde türü Yargıtay Hukuk Genel Kurulu kararı Emsal karar ifadesi hangi değerlendirmeyle ilişkilidir?",yargitay_0080_medeni_hukuk_001,True,True,True,True,True,True
781,"Hukuk Genel Kurulu 2014/166 E., 2015/902 K. sayılı Yargıtay HGK kararında Kısa Karar ile Gerekçeli Karar Arasındaki Çelişki; 10.04.1992 tarihli ve 1991/7 E., 1992/4 K. sayılı İçtihadı Birleştirme Kararı konusunda karar metni içinde Hukuk Genel Kurulu 2014 166 2015 902 ifadesi hangi değerlendirmeyle ilişkilidir?",yargitay_0727_medeni_usul_hukuku_002,False,True,True,True,True,True
782,"Hukuk Genel Kurulu 2013/2298 E., 2015/1028 K. sayılı Yargıtay HGK kararında Kamulaştırma Bedelinin Tespiti; Kısmi Kamulaştırma konusunda karar metni içinde İçtihat Metni MAHKEMESİ Amasya ifadesi hangi değerlendirmeyle ilişkilidir?",yargitay_0833_kamulastirma_hukuku_003,False,True,True,True,False,True
783,"Hukuk Genel Kurulu 2024/610 E., 2024/460 K. sayılı Yargıtay HGK kararında Konkordato; Temyiz İsteminden Feragat; Vekilin temyizden feragate yetkili olması hâlinde temyiz isteminin feragat nedeniyle reddi gerekip gerekmediği konusunda karar metni içinde 2024 tarihli dilekçe alacaklı Yapı Kredi Finansal Kiralama ifadesi hangi değerlendirmeyle ilişkilidir?",yargitay_0136_icra_ve_iflas_hukuku_004,False,True,True,True,False,True
784,"Hukuk Genel Kurulu 2024/741 E., 2024/575 K. sayılı Yargıtay HGK kararında Kambiyo Senetlerine Özgü Haciz Yoluyla Takip; Temyiz Kesinlik Sınırı konusunda uyuşmazlık özeti içinde türü Yargıtay Hukuk Genel Kurulu kararı Emsal karar ifadesi hangi değerlendirmeyle ilişkilidir?",yargitay_0384_icra_ve_iflas_hukuku_001,True,True,True,True,True,True
785,"Hukuk Genel Kurulu 2014/947 E., 2015/1725 K. sayılı Yargıtay HGK kararında Menfi Tespit ve İstirdat Davası konusunda uyuşmazlık özeti içinde türü Yargıtay Hukuk Genel Kurulu kararı Emsal karar ifadesi hangi değerlendirmeyle ilişkilidir?",yargitay_1263_icra_ve_iflas_hukuku_001,True,True,True,True,True,True
786,"Hukuk Genel Kurulu 2024/625 E., 2025/369 K. sayılı Yargıtay HGK kararında Fiil Ehliyeti konusunda karar metni içinde Nitekim 4721 sayılı Türk Medeni Kanunu TMK Fiil ifadesi hangi değerlendirmeyle ilişkilidir?",yargitay_1343_medeni_hukuk_006,False,False,True,True,False,True
787,"Hukuk Genel Kurulu 2013/1599 E., 2015/1057 K. sayılı Yargıtay HGK kararında Konut Yapı Kooperatifi Ortaklığına Dayalı Tapu İptali ve Tescil konusunda uyuşmazlık özeti içinde türü Yargıtay Hukuk Genel Kurulu kararı Emsal karar ifadesi hangi değerlendirmeyle ilişkilidir?",yargitay_0880_kooperatif_hukuku_001,True,True,True,True,True,True
788,"Hukuk Genel Kurulu 2015/1326 E., 2015/2245 K. sayılı Yargıtay HGK kararında Hükmün Kurulması; Hüküm Fıkrasının Unsurları konusunda karar metni içinde Direnme kararının yukarıda gösterilen nedenden dolayı 6217 sayılı ifadesi hangi değerlendirmeyle ilişkilidir?",yargitay_0846_medeni_usul_hukuku_004,False,False,False,False,False,True
789,"Hukuk Genel Kurulu 2024/235 E., 2025/211 K. sayılı Yargıtay HGK kararında Usuli Kazanılmış Hak; Yargıtay Bozma Kararına Uyulması konusunda karar metni içinde Usuli kazanılmış hakkın hukuki doğurabilmesi davada taraflar mahkeme ifadesi hangi değerlendirmeyle ilişkilidir?",yargitay_1107_medeni_usul_hukuku_006,False,True,True,True,False,True
790,"Hukuk Genel Kurulu 2013/2169 E., 2015/1463 K. sayılı Yargıtay HGK kararında Haczedilmezlik Şikayeti; Önceden Tesis Edilen İpoteğin Meskeniyet İddiasına Etkisi konusunda karar metni içinde HUKUK GENEL KURULU KARARI Hukuk Genel Kurulunca incelenerek ifadesi hangi değerlendirmeyle ilişkilidir?",yargitay_1304_icra_ve_iflas_hukuku_004,False,False,False,False,False,False
791,"Hukuk Genel Kurulu 2013/2419 E., 2015/1358 K. sayılı Yargıtay HGK kararında Kira Sözleşmesi; İşyeri İhtiyacı Nedeniyle Tahliye Davası konusunda karar metni içinde İçtihat Metni MAHKEMESİ Balıkesir ifadesi hangi değerlendirmeyle ilişkilidir?",yargitay_1319_borclar_hukuku_003,False,False,True,True,False,True
792,"Hukuk Genel Kurulu 2024/383 E., 2024/299 K. sayılı Yargıtay HGK kararında Temyiz; Hukuk Genel Kurulu Bozma Kararına Uyma konusunda karar metni içinde Hukuk Genel Kurulu 2024 383 2024 299 ifadesi hangi değerlendirmeyle ilişkilidir?",yargitay_0071_medeni_usul_hukuku_002,False,False,False,False,False,False
793,"Hukuk Genel Kurulu 2013/1997 E., 2015/1077 K. sayılı Yargıtay HGK kararında İşçilik Alacakları; Ücret Alacağı konusunda karar metni içinde İçtihat Metni MAHKEMESİ Ankara ifadesi hangi değerlendirmeyle ilişkilidir?",yargitay_0901_is_hukuku_003,False,False,False,False,False,False
794,"Hukuk Genel Kurulu 2024/187 E., 2024/666 K. sayılı Yargıtay HGK kararında Hâkimlerin Hukuki Sorumluluğu; Temyiz Usulünde Adli Yardım ve Harçlar konusunda karar metni içinde KARAR Davanın açılmamış sayılmasına ifadesi hangi değerlendirmeyle ilişkilidir?",yargitay_0408_medeni_usul_hukuku_003,False,False,False,False,False,False
795,"Hukuk Genel Kurulu 2013/2333 E., 2015/1496 K. sayılı Yargıtay HGK kararında Menfi Tespit Davası; Kanal Katılım ve Şebeke Bedeli; ASKİ Tarifeler Yönetmeliği m. 39 konusunda karar metni içinde HUKUK GENEL KURULU KARARI Hukuk Genel Kurulunca incelenerek ifadesi hangi değerlendirmeyle ilişkilidir?",yargitay_1221_tuketici_hukuku_005,False,False,False,False,False,False
796,"Hukuk Genel Kurulu 2015/1737 E., 2015/1705 K. sayılı Yargıtay HGK kararında Yargılama Usulü; Direnme Kararı konusunda karar metni içinde Hukuk Genel Kurulu 2015 1737 2015 1705 ifadesi hangi değerlendirmeyle ilişkilidir?",yargitay_1250_medeni_usul_hukuku_002,False,True,False,True,False,True
797,"Hukuk Genel Kurulu 2013/2333 E., 2015/1496 K. sayılı Yargıtay HGK kararında Menfi Tespit Davası; Kanal Katılım ve Şebeke Bedeli; ASKİ Tarifeler Yönetmeliği m. 39 konusunda karar metni içinde İçtihat Metni MAHKEMESİ Ankara ifadesi hangi değerlendirmeyle ilişkilidir?",yargitay_1221_tuketici_hukuku_003,False,True,True,True,False,True
798,"Hukuk Genel Kurulu 2013/2200 E., 2015/1223 K. sayılı Yargıtay HGK kararında Şikayet Yoluyla İcra Emrinin İptali; Çocuk Teslimine İlişkin İlamlı Takip konusunda karar metni içinde İçtihat Metni MAHKEMESİ Söğüt İcra Hukuk Mahkemesi TARİHİ ifadesi hangi değerlendirmeyle ilişkilidir?",yargitay_0976_icra_ve_iflas_hukuku_003,False,True,True,True,True,True
799,"Hukuk Genel Kurulu 2025/109 E., 2025/196 K. sayılı Yargıtay HGK kararında Adli Yardım; Kanun Yolu Aşamasında Adli Yardım Talebi konusunda karar metni içinde İdare Mahkemesinin 2023 1393 Esas sayılı dosyasında görev ifadesi hangi değerlendirmeyle ilişkilidir?",yargitay_1018_medeni_usul_hukuku_007,False,False,False,False,False,False
800,"Hukuk Genel Kurulu 2024/573 E., 2025/233 K. sayılı Yargıtay HGK kararında Sözleşmenin Uyarlanması; Aşırı İfa Güçlüğü konusunda uyuşmazlık özeti içinde türü Yargıtay Hukuk Genel Kurulu kararı Emsal karar ifadesi hangi değerlendirmeyle ilişkilidir?",yargitay_1033_borclar_hukuku_001,True,True,True,True,True,True
801,"Hukuk Genel Kurulu 2024/595 E., 2024/677 K. sayılı Yargıtay HGK kararında Temyiz Usulü; Temyiz Harcının Yatırılmaması konusunda karar metni içinde Hukuk Dairesinin 2024 tarihli 2020 Esas 2021 Karar ifadesi hangi değerlendirmeyle ilişkilidir?",yargitay_0428_medeni_usul_hukuku_007,False,False,False,False,False,False
802,"Hukuk Genel Kurulu 2024/602 E., 2024/711 K. sayılı Yargıtay HGK kararında Devlet Aleyhine Açılan Tazminat Davası konusunda uyuşmazlık özeti içinde türü Yargıtay Hukuk Genel Kurulu kararı Emsal karar ifadesi hangi değerlendirmeyle ilişkilidir?",yargitay_0436_h_kimlerin_hukuki_sorumlu_001,True,True,True,True,True,True
803,"Hukuk Genel Kurulu 2023/783 E., 2025/126 K. sayılı Yargıtay HGK kararında Temyiz; Hukuki Yarar Yokluğu konusunda karar metni içinde İçtihat Metni MAHKEMESİ Ticaret Mahkemesi SAYISI 2022 245 ifadesi hangi değerlendirmeyle ilişkilidir?",yargitay_0944_medeni_usul_hukuku_003,False,False,False,False,False,False
804,"Hukuk Genel Kurulu 2013/2195 E., 2015/1141 K. sayılı Yargıtay HGK kararında Kambiyo Senetlerine Özgü Takipte İmzaya ve Borca İtiraz; İcra Mahkemesinde Uygulanacak Yargılama Usulü konusunda karar metni içinde Şikayetçi tarafça icra mahkemesine yapılan başvuru İİK nın ifadesi hangi değerlendirmeyle ilişkilidir?",yargitay_0079_icra_ve_iflas_hukuku_007,False,False,False,False,False,False
805,"Hukuk Genel Kurulu 2023/877 E., 2024/83 K. sayılı Yargıtay HGK kararında Menfi Tespit Davası; Temyiz Kesinlik Sınırı konusunda karar metni içinde 2020 tarihli 7251 sayılı Hukuk Muhakemeleri Kanunu Bazı ifadesi hangi değerlendirmeyle ilişkilidir?",yargitay_0013_medeni_usul_hukuku_006,False,False,False,False,False,False
806,"Hukuk Genel Kurulu 2023/1024 E., 2024/600 K. sayılı Yargıtay HGK kararında Kamulaştırma Bedelinin Tespiti konusunda karar metni içinde Dolayısıyla inci maddede taşınmazın cins nevinin yüzölçümünün kıymetini ifadesi hangi değerlendirmeyle ilişkilidir?",yargitay_0425_kamulastirma_hukuku_008,False,True,False,True,False,True
807,"Hukuk Genel Kurulu 2024/594 E., 2024/676 K. sayılı Yargıtay HGK kararında Tazminat Davası; Adli Yardım Talebi; Harçların Yatırılmaması; Davanın Açılmamış Sayılması; Temyiz İsteminden Vazgeçilmiş Sayılma konusunda karar metni içinde Hukuk Dairesinin 2024 tarihli 2020 Esas 2021 Karar ifadesi hangi değerlendirmeyle ilişkilidir?",yargitay_0426_medeni_usul_hukuku_007,False,False,False,False,False,False
808,Çıkarılamadı sayılı Yargıtay HGK kararında Anonim Şirketler; Genel Kurul Kararının İptali konusunda karar metni içinde Davacı vekilinin temyiz itirazlarının kabulü direnme kararının yukarıda ifadesi hangi değerlendirmeyle ilişkilidir?,yargitay_0568_ticaret_hukuku_005,False,False,False,False,False,False
809,"Hukuk Genel Kurulu 2013/1576 E., 2015/1045 K. sayılı Yargıtay HGK kararında Meskeniyet Şikayeti konusunda karar metni içinde meskenin borçlunun haline uygun olup olmadığı adı geçenin ifadesi hangi değerlendirmeyle ilişkilidir?",yargitay_0867_icra_ve_iflas_hukuku_004,False,False,False,False,False,False
810,"Hukuk Genel Kurulu 2023/623 E., 2025/234 K. sayılı Yargıtay HGK kararında Kanun Yolları; Temyiz; Direnme Kararının Temyizi konusunda karar metni içinde Dava konusu taşınmaz hissesi yönünden yapılan bilirkişi incelemesi ifadesi hangi değerlendirmeyle ilişkilidir?",yargitay_1109_medeni_usul_hukuku_004,False,False,True,True,False,True
811,"Hukuk Genel Kurulu 2024/186 E., 2024/222 K. sayılı Yargıtay HGK kararında 2/B Niteliğinin Tespiti ve Tapuya Şerhi konusunda karar metni içinde Hukuk Genel Kurulu 2024 186 2024 222 ifadesi hangi değerlendirmeyle ilişkilidir?",yargitay_0039_tasinmaz_hukuku_002,False,True,False,True,False,True
812,"Hukuk Genel Kurulu 2023/1142 E., 2025/370 K. sayılı Yargıtay HGK kararında Ziynet Alacağı Davası; Hükmün Kapsamı konusunda karar metni içinde 2 ifadesi hangi değerlendirmeyle ilişkilidir?",yargitay_1344_aile_hukuku_005,False,False,False,False,False,False
813,"Hukuk Genel Kurulu 2013/2195 E., 2015/1141 K. sayılı Yargıtay HGK kararında Kambiyo Senetlerine Özgü Takipte İmzaya ve Borca İtiraz; İcra Mahkemesinde Uygulanacak Yargılama Usulü konusunda karar metni içinde Buna dava dilekçesinde hususlar bulunur Görevli yetkili mahkemenin ifadesi hangi değerlendirmeyle ilişkilidir?",yargitay_0079_icra_ve_iflas_hukuku_005,False,False,False,False,False,False
814,"Hukuk Genel Kurulu 2013/2170 E., 2015/1204 K. sayılı Yargıtay HGK kararında Haczedilmezlik Şikayeti; Borçlunun Haline Münasip Evi konusunda karar metni içinde HUKUK GENEL KURULU KARARI Hukuk Genel Kurulunca incelenerek ifadesi hangi değerlendirmeyle ilişkilidir?",yargitay_0954_icra_ve_iflas_hukuku_004,False,False,False,False,False,False
815,"Hukuk Genel Kurulu 2023/599 E., 2025/121 K. sayılı Yargıtay HGK kararında Kamulaştırmasız El Atma Nedeniyle Tazminat; Hukuk Genel Kurulundaki temyiz incelemesi sırasında ilgili kanun hükümlerinin Anayasa Mahkemesince iptal edilmesi; Oluşan yeni hukuki durum karşısında dosyanın incelenmek üzere Özel Daireye gönderilmesi gerekip gerekmediği konusunda karar metni içinde B ifadesi hangi değerlendirmeyle ilişkilidir?",yargitay_0942_kamulastirma_hukuku_007,False,False,True,True,True,True
816,"Hukuk Genel Kurulu 2024/612 E., 2025/350 K. sayılı Yargıtay HGK kararında Direnme Kararının Temyizi; Kesinlik Sınırı ve İnceleme Usulü konusunda uyuşmazlık özeti içinde türü Yargıtay Hukuk Genel Kurulu kararı Emsal karar ifadesi hangi değerlendirmeyle ilişkilidir?",yargitay_1342_medeni_usul_hukuku_001,True,True,True,True,True,True
817,"Hukuk Genel Kurulu 2023/1006 E., 2025/51 K. sayılı Yargıtay HGK kararında Yargılama Usulü; Direnme Kararının Temyizi konusunda uyuşmazlık özeti içinde türü Yargıtay Hukuk Genel Kurulu kararı Emsal karar ifadesi hangi değerlendirmeyle ilişkilidir?",yargitay_0806_fikri_ve_sinai_haklar_huk_001,True,True,True,True,True,True
818,"Hukuk Genel Kurulu 2024/188 E., 2024/667 K. sayılı Yargıtay HGK kararında Temyiz Harçları ve Adli Yardım konusunda karar metni içinde Hukuk Dairesinin 2023 tarihli 2020 Esas 2022 Karar ifadesi hangi değerlendirmeyle ilişkilidir?",yargitay_0410_medeni_usul_hukuku_007,False,False,False,True,False,False
819,"Hukuk Genel Kurulu 2024/725 E., 2024/548 K. sayılı Yargıtay HGK kararında Temyiz Usulü; Direnme Kararının Bozulması ve Bozmaya Uyulması konusunda uyuşmazlık özeti içinde türü Yargıtay Hukuk Genel Kurulu kararı Emsal karar ifadesi hangi değerlendirmeyle ilişkilidir?",yargitay_0242_medeni_usul_hukuku_001,True,True,True,True,True,True
820,"Hukuk Genel Kurulu 2014/848 E., 2015/655 K. sayılı Yargıtay HGK kararında Temyiz Usulü; 5521 sayılı İş Mahkemeleri Kanunu m. 8; 1086 sayılı HUMK m. 433/1 (6100 sayılı HMK Geçici m. 3 atfıyla) konusunda uyuşmazlık özeti içinde türü Yargıtay Hukuk Genel Kurulu kararı Emsal karar ifadesi hangi değerlendirmeyle ilişkilidir?",yargitay_0562_medeni_usul_hukuku_001,True,True,True,True,True,True
821,"Hukuk Genel Kurulu 2015/257 E., 2015/903 K. sayılı Yargıtay HGK kararında Direnme Kararı; Hükmün Unsurları ve Tefhimi konusunda uyuşmazlık özeti içinde türü Yargıtay Hukuk Genel Kurulu kararı Emsal karar ifadesi hangi değerlendirmeyle ilişkilidir?",yargitay_0720_medeni_usul_hukuku_001,True,True,True,True,True,True
822,"Hukuk Genel Kurulu 2013/1576 E., 2015/1045 K. sayılı Yargıtay HGK kararında Meskeniyet Şikayeti konusunda karar metni içinde HUKUK GENEL KURULU KARARI Hukuk Genel Kurulunca incelenerek ifadesi hangi değerlendirmeyle ilişkilidir?",yargitay_0867_icra_ve_iflas_hukuku_006,False,False,False,False,False,False
823,"Hukuk Genel Kurulu 2013/2197 E., 2015/1302 K. sayılı Yargıtay HGK kararında Destekten Yoksun Kalma Tazminatı; İşletenin Sorumluluğu konusunda uyuşmazlık özeti içinde türü Yargıtay Hukuk Genel Kurulu kararı Emsal karar ifadesi hangi değerlendirmeyle ilişkilidir?",yargitay_1309_trafik_hukuku_001,True,True,True,True,True,True
824,"Hukuk Genel Kurulu 2024/188 E., 2024/667 K. sayılı Yargıtay HGK kararında Temyiz Harçları ve Adli Yardım konusunda uyuşmazlık özeti içinde türü Yargıtay Hukuk Genel Kurulu kararı Emsal karar ifadesi hangi değerlendirmeyle ilişkilidir?",yargitay_0410_medeni_usul_hukuku_001,True,True,True,True,True,True
825,"Hukuk Genel Kurulu 2014/112 E., 2015/1772 K. sayılı Yargıtay HGK kararında Boşanma; Evlilik Birliğinin Temelinden Sarsılması konusunda karar metni içinde Hukuk Genel Kurulu 2014 112 2015 1772 ifadesi hangi değerlendirmeyle ilişkilidir?",yargitay_0834_aile_hukuku_002,False,False,True,True,False,True
826,"Hukuk Genel Kurulu 2013/2445 E., 2015/1522 K. sayılı Yargıtay HGK kararında Ön İnceleme Duruşması konusunda karar metni içinde Davalı vekilinin inceleme duruşmasına mazeret bildirmesi mahkemece mazeretin ifadesi hangi değerlendirmeyle ilişkilidir?",yargitay_1211_medeni_usul_hukuku_008,False,True,False,True,True,True
827,"Hukuk Genel Kurulu 2015/231 E., 2015/1467 K. sayılı Yargıtay HGK kararında Ziynet Alacağı Davası; İspat Yükü; 4721 sayılı Türk Medeni Kanunu m. 6 konusunda karar metni içinde HUKUK GENEL KURULU KARARI Hukuk Genel Kurulunca incelenerek ifadesi hangi değerlendirmeyle ilişkilidir?",yargitay_1273_aile_hukuku_005,False,False,False,False,False,False
828,"Hukuk Genel Kurulu 2013/2390 E., 2015/1516 K. sayılı Yargıtay HGK kararında İşçilik Alacakları; Temyiz Kesinlik Sınırı konusunda karar metni içinde Hukuk Genel Kurulu 2013 2390 2015 1516 ifadesi hangi değerlendirmeyle ilişkilidir?",yargitay_1253_is_hukuku_002,False,True,False,True,True,True
829,"Hukuk Genel Kurulu 2013/1748 E., 2015/1234 K. sayılı Yargıtay HGK kararında Kira Alacağı İçin Başlatılan Takibe İtirazın Kaldırılması ve Tahliye; Kira Sözleşmesinde Kira Bedelinin Maddi Hata İle Aylık Yerine Yıllık Yazılması konusunda uyuşmazlık özeti içinde türü Yargıtay Hukuk Genel Kurulu kararı Emsal karar ifadesi hangi değerlendirmeyle ilişkilidir?",yargitay_0978_icra_ve_iflas_hukuku_001,True,True,True,True,True,True
830,"Hukuk Genel Kurulu 2024/179 E., 2025/373 K. sayılı Yargıtay HGK kararında Anonim Şirketin İhyası; Hak Düşürücü Süre; Anayasa Mahkemesi'nin İptal Kararı konusunda uyuşmazlık özeti içinde türü Yargıtay Hukuk Genel Kurulu kararı Emsal karar ifadesi hangi değerlendirmeyle ilişkilidir?",yargitay_1345_ticaret_hukuku_001,True,True,True,True,True,True
831,"Hukuk Genel Kurulu 2024/186 E., 2024/222 K. sayılı Yargıtay HGK kararında 2/B Niteliğinin Tespiti ve Tapuya Şerhi konusunda karar metni içinde zilyedin zilyetlik süresi dolmadan taşınmazın Hazine adına tarla ifadesi hangi değerlendirmeyle ilişkilidir?",yargitay_0039_tasinmaz_hukuku_008,False,True,True,True,False,True
832,"Hukuk Genel Kurulu 2013/1556 E., 2015/1112 K. sayılı Yargıtay HGK kararında Boşanma Davasında Hükmün Teşkili; Kısa Karar ile Gerekçeli Karar Arasında Çelişki konusunda uyuşmazlık özeti içinde türü Yargıtay Hukuk Genel Kurulu kararı Emsal karar ifadesi hangi değerlendirmeyle ilişkilidir?",yargitay_0914_medeni_usul_hukuku_001,True,True,True,True,True,True
833,"Hukuk Genel Kurulu 2025/118 E., 2025/16 K. sayılı Yargıtay HGK kararında Temyiz; Hukuk Genel Kurulunun Bozma Kararına Uyulması konusunda karar metni içinde Hukuk Genel Kurulu 2025 118 2025 ifadesi hangi değerlendirmeyle ilişkilidir?",yargitay_0696_medeni_usul_hukuku_002,False,False,True,True,False,True
834,"Hukuk Genel Kurulu 2013/2197 E., 2015/1302 K. sayılı Yargıtay HGK kararında Destekten Yoksun Kalma Tazminatı; İşletenin Sorumluluğu konusunda karar metni içinde tan tahsiline davacı 000 ifadesi hangi değerlendirmeyle ilişkilidir?",yargitay_1309_trafik_hukuku_007,False,False,True,True,True,True
835,"Hukuk Genel Kurulu 2023/1049 E., 2024/106 K. sayılı Yargıtay HGK kararında İşçilik Alacağı; Asıl İşveren-Alt İşveren İlişkisi; Rödövans Sözleşmesi; Maddi Hata Düzeltim Talebi; Hukuk Genel Kurulu Kararı konusunda karar metni içinde Hukuk Genel Kurulu kararı nın maddi hata nedeniyle ifadesi hangi değerlendirmeyle ilişkilidir?",yargitay_0015_is_hukuku_003,False,False,True,True,False,True
836,"Hukuk Genel Kurulu 2025/205 E., 2025/271 K. sayılı Yargıtay HGK kararında Temyiz; Kesinlik Sınırı konusunda karar metni içinde KARAR Açıklanan sebeplerle Borçlu vekilinin temyiz başvurusunun 2004 ifadesi hangi değerlendirmeyle ilişkilidir?",yargitay_1116_icra_ve_iflas_hukuku_005,False,False,False,True,False,True
837,"Hukuk Genel Kurulu 2013/2312 E., 2015/1303 K. sayılı Yargıtay HGK kararında Kambiyo Senetlerine Özgü Haciz Yolu ile Takip; Yetkili Hamil Sıfatına İtiraz konusunda karar metni içinde Somut uyuşmazlığın incelenmesinde çek aslı üzerindeki bilgiler nazara ifadesi hangi değerlendirmeyle ilişkilidir?",yargitay_1280_icra_ve_iflas_hukuku_004,False,True,True,True,False,True
838,"Hukuk Genel Kurulu 2013/1869 E., 2015/1317 K. sayılı Yargıtay HGK kararında Tarım Bağ-Kur Sigortalılığı Kapsamında Hizmet Tespiti konusunda karar metni içinde İçtihat Metni MAHKEMESİ Amasya İş Mahkemesi TARİHİ 2013 ifadesi hangi değerlendirmeyle ilişkilidir?",yargitay_1306_sosyal_guvenlik_hukuku_003,False,False,True,True,False,True
839,"Hukuk Genel Kurulu 2023/1024 E., 2024/600 K. sayılı Yargıtay HGK kararında Kamulaştırma Bedelinin Tespiti konusunda karar metni içinde VI ifadesi hangi değerlendirmeyle ilişkilidir?",yargitay_0425_kamulastirma_hukuku_005,False,False,False,False,False,False
840,"Hukuk Genel Kurulu 2014/947 E., 2015/1725 K. sayılı Yargıtay HGK kararında Menfi Tespit ve İstirdat Davası konusunda karar metni içinde HUKUK GENEL KURULU KARARI Hukuk Genel Kurulunca incelenerek ifadesi hangi değerlendirmeyle ilişkilidir?",yargitay_1263_icra_ve_iflas_hukuku_005,False,False,False,False,False,False
841,"Hukuk Genel Kurulu 2023/1142 E., 2025/370 K. sayılı Yargıtay HGK kararında Ziynet Alacağı Davası; Hükmün Kapsamı konusunda uyuşmazlık özeti içinde türü Yargıtay Hukuk Genel Kurulu kararı Emsal karar ifadesi hangi değerlendirmeyle ilişkilidir?",yargitay_1344_aile_hukuku_001,True,True,True,True,True,True
842,"Hukuk Genel Kurulu 2024/319 E., 2024/274 K. sayılı Yargıtay HGK kararında Vasiyetnamenin Tenfizi; Tapu İptali ve Tescil; Vasiyetnamenin Açılması Kararının Kesinleşip Kesinleşmediği ve Zamanaşımına Uğrayıp Uğramadığı Hususunun Tespiti konusunda karar metni içinde Hukuk Genel Kurulu 2024 319 2024 274 ifadesi hangi değerlendirmeyle ilişkilidir?",yargitay_0062_medeni_hukuk_002,False,True,False,True,False,True
843,"Hukuk Genel Kurulu 2025/107 E., 2025/194 K. sayılı Yargıtay HGK kararında Kanun Yolunda Adli Yardım konusunda karar metni içinde açıklamalar ışığında somut olaya bakıldığında davacının ilk derece ifadesi hangi değerlendirmeyle ilişkilidir?",yargitay_1016_medeni_usul_hukuku_007,False,False,False,False,False,False
844,"Hukuk Genel Kurulu 2013/1734 E., 2015/1252 K. sayılı Yargıtay HGK kararında Kooperatif Üyeliğine Dayalı Tapu İptali ve Tescil konusunda karar metni içinde Öte yandan dosya içinde bulunan iddianamelerde kooperatif yönetim ifadesi hangi değerlendirmeyle ilişkilidir?",yargitay_0996_kooperatif_hukuku_008,False,True,True,True,False,True
845,"Hukuk Genel Kurulu 2025/229 E., 2025/286 K. sayılı Yargıtay HGK kararında Temyiz; Direnme Kararının Bozulması ve Bozmaya Uyma konusunda uyuşmazlık özeti içinde türü Yargıtay Hukuk Genel Kurulu kararı Emsal karar ifadesi hangi değerlendirmeyle ilişkilidir?",yargitay_1121_medeni_usul_hukuku_001,True,True,True,True,True,True
846,"Hukuk Genel Kurulu 2013/2366 E., 2015/1533 K. sayılı Yargıtay HGK kararında Vade Farkı Alacağı; İtirazın İptali Davası; YİBK 27.06.2003 T. 2001/1 E. 2003/1 K. konusunda karar metni içinde İçtihat Metni Taraflar arasındaki itirazın iptali davasından dolayı ifadesi hangi değerlendirmeyle ilişkilidir?",yargitay_0010_ticaret_hukuku_003,False,True,True,True,False,True
847,"Hukuk Genel Kurulu 2015/304 E., 2015/1093 K. sayılı Yargıtay HGK kararında Devletin Sorumluluğu; Yargısal Faaliyetten Kaynaklanan Tazminat Davası konusunda karar metni içinde Davalı Maliye Bakanlığı 2012 tarihli cevap dilekçesinde davacının ifadesi hangi değerlendirmeyle ilişkilidir?",yargitay_0911_medeni_usul_hukuku_004,False,False,True,True,False,True
848,"Hukuk Genel Kurulu 2014/67 E., 2015/1549 K. sayılı Yargıtay HGK kararında Nüfus Kaydının Düzeltilmesi Davasında Yetki konusunda karar metni içinde Hukuk Genel Kurulunda yapılan görüşmeler sırasında kısım üyelerce ifadesi hangi değerlendirmeyle ilişkilidir?",yargitay_1240_medeni_usul_hukuku_006,False,True,True,True,False,True
849,"Hukuk Genel Kurulu 2023/1024 E., 2024/600 K. sayılı Yargıtay HGK kararında Kamulaştırma Bedelinin Tespiti konusunda karar metni içinde A ifadesi hangi değerlendirmeyle ilişkilidir?",yargitay_0425_kamulastirma_hukuku_004,False,False,False,False,False,False
850,"Hukuk Genel Kurulu 2024/294 E., 2024/228 K. sayılı Yargıtay HGK kararında Direnme Kararı; Hükmün Kurulması konusunda karar metni içinde Nitekim Yargıtayın yerleşmiş görüşü yöndedir Hukuk Genel Kurulunun ifadesi hangi değerlendirmeyle ilişkilidir?",yargitay_0043_medeni_usul_hukuku_004,False,False,False,False,False,False
851,"Hukuk Genel Kurulu 2024/596 E., 2024/678 K. sayılı Yargıtay HGK kararında Temyiz Usulü; Adli Yardım ve Temyiz Harçları konusunda karar metni içinde Özel Dairenin yukarıda belirtilen 2024 tarihli kararına karşı ifadesi hangi değerlendirmeyle ilişkilidir?",yargitay_0430_medeni_usul_hukuku_008,False,True,False,True,False,True
852,"Hukuk Genel Kurulu 2024/189 E., 2024/668 K. sayılı Yargıtay HGK kararında Hâkimlerin Hukuki Sorumluluğu; Temyiz Aşamasında Adli Yardım konusunda karar metni içinde Hukuk Genel Kurulu Kararı ifadesi hangi değerlendirmeyle ilişkilidir?",yargitay_0411_medeni_usul_hukuku_006,False,False,False,False,False,False
853,"Hukuk Genel Kurulu 2014/2467 E., 2015/167 K. sayılı Yargıtay HGK kararında Direnme Kararı; Hükmün Kurulması ve İçeriği konusunda uyuşmazlık özeti içinde türü Yargıtay Hukuk Genel Kurulu kararı Emsal karar ifadesi hangi değerlendirmeyle ilişkilidir?",yargitay_0267_medeni_usul_hukuku_001,True,True,True,True,True,True
854,"Hukuk Genel Kurulu 2013/1857 E., 2015/1031 K. sayılı Yargıtay HGK kararında Kurum İşleminin İptali konusunda karar metni içinde Yine Jandarma Teşkilatı Görev Yetkileri Yönetmeliği nin ifadesi hangi değerlendirmeyle ilişkilidir?",yargitay_0838_sosyal_guvenlik_hukuku_006,False,False,False,False,False,False
855,"Hukuk Genel Kurulu 2023/399 E., 2025/27 K. sayılı Yargıtay HGK kararında Direnme Kararı; Yeni Hüküm; Temyiz inceleme görevinin Hukuk Genel Kuruluna değil, Özel Daireye ait olduğu hususunun tespiti konusunda karar metni içinde İçtihat Metni MAHKEMESİ İzmir Bölge Adliye Mahkemesi ifadesi hangi değerlendirmeyle ilişkilidir?",yargitay_0804_medeni_usul_hukuku_003,False,False,False,False,False,False
856,"Hukuk Genel Kurulu 2015/176 E., 2015/837 K. sayılı Yargıtay HGK kararında Kanun Yolları; Temyiz Harcı; 492 sayılı Harçlar Kanunu; 6100 sayılı HMK Geçici m. 3; 1086 sayılı HUMK m. 434 konusunda karar metni içinde İçtihat Metni MAHKEMESİ Kayseri ifadesi hangi değerlendirmeyle ilişkilidir?",yargitay_0704_medeni_usul_hukuku_003,False,False,True,True,False,True
857,"Hukuk Genel Kurulu 2025/237 E., 2025/278 K. sayılı Yargıtay HGK kararında Direnme Kararının Bozulması ve Bozmaya Uyma konusunda uyuşmazlık özeti içinde türü Yargıtay Hukuk Genel Kurulu kararı Emsal karar ifadesi hangi değerlendirmeyle ilişkilidir?",yargitay_1127_medeni_usul_hukuku_001,True,True,True,True,True,True
858,"Hukuk Genel Kurulu 2014/1240 E., 2015/40 K. sayılı Yargıtay HGK kararında Kamulaştırma Bedelinin Tespiti; Yapı Değerinin Belirlenmesi konusunda karar metni içinde İçtihat Metni Taraflar arasındaki kamulaştırma bedelinin tespiti tescil ifadesi hangi değerlendirmeyle ilişkilidir?",yargitay_0278_kamulastirma_hukuku_003,False,False,False,False,False,False
859,"Hukuk Genel Kurulu 2013/1991 E., 2015/1265 K. sayılı Yargıtay HGK kararında Koruma Kararının Kaldırılması İstemi; Temyiz Usulü konusunda karar metni içinde İçtihat Metni Taraflar arasındaki 4320 sayalı Yasa koruma ifadesi hangi değerlendirmeyle ilişkilidir?",yargitay_0986_aile_hukuku_003,False,False,True,True,False,True
860,"Hukuk Genel Kurulu 2023/1153 E., 2025/232 K. sayılı Yargıtay HGK kararında Sözleşmenin Uyarlanması; Asgari Ücret Artışının Etkisi; Aşırı İfa Güçlüğü; Kamu Düzeni; Sözleşme Bedelinin Asgari Ücret Artışına Göre Uyarlanıp Uyarlanmayacağı konusunda karar metni içinde II ifadesi hangi değerlendirmeyle ilişkilidir?",yargitay_1032_borclar_hukuku_004,False,False,False,False,False,False
861,"Hukuk Genel Kurulu 2013/2442 E., 2015/1545 K. sayılı Yargıtay HGK kararında Kambiyo Senetlerine Mahsus Haciz Yoluyla Takip; Bonoda Tahrifat ve Kötüniyet Tazminatı konusunda karar metni içinde Hukuk Genel Kurulu 2013 2442 2015 1545 ifadesi hangi değerlendirmeyle ilişkilidir?",yargitay_1229_icra_ve_iflas_hukuku_002,False,False,False,True,False,True
862,"Hukuk Genel Kurulu 2013/1558 E., 2015/80 K. sayılı Yargıtay HGK kararında Hükmün Kurulması ve Unsurları konusunda karar metni içinde Direnme kararının yukarıda gösterilen nedenden dolayı 6217 sayılı ifadesi hangi değerlendirmeyle ilişkilidir?",yargitay_0190_medeni_usul_hukuku_004,False,True,False,True,False,False
863,"Hukuk Genel Kurulu 2013/1695 E., 2015/1035 K. sayılı Yargıtay HGK kararında Haczedilmezlik Şikayeti; Süresiz Şikayet; 775 sayılı Gecekondu Kanunu m. 34; 2004 sayılı İcra ve İflas Kanunu m. 16 konusunda karar metni içinde Mahkemece davalı alacaklı tarafça borçlu aleyhine takip yapıldığı ifadesi hangi değerlendirmeyle ilişkilidir?",yargitay_0836_icra_ve_iflas_hukuku_004,False,True,True,True,False,True
864,"Hukuk Genel Kurulu 2024/647 E., 2024/579 K. sayılı Yargıtay HGK kararında Karar Düzeltme; Hukuki Yarar Yokluğu; Lehine bozma kararı verilen tarafın, karar düzeltme isteminde hukuki yararının bulunup bulunmadığı konusunda uyuşmazlık özeti içinde türü Yargıtay Hukuk Genel Kurulu kararı Emsal karar ifadesi hangi değerlendirmeyle ilişkilidir?",yargitay_0397_kadastro_hukuku_001,True,True,True,True,True,True
865,"Hukuk Genel Kurulu 2024/509 E., 2024/390 K. sayılı Yargıtay HGK kararında Kanun Yolları; Temyiz; Bozmaya Uyma; Hukuk Genel Kurulu Bozma Kararı konusunda karar metni içinde Hukuk Genel Kurulu 2024 509 2024 390 ifadesi hangi değerlendirmeyle ilişkilidir?",yargitay_0100_medeni_usul_hukuku_002,False,False,False,True,False,True
866,"Hukuk Genel Kurulu 2024/763 E., 2024/590 K. sayılı Yargıtay HGK kararında İtirazın İptali Davası; Temyizde Kesinlik Sınırı konusunda uyuşmazlık özeti içinde türü Yargıtay Hukuk Genel Kurulu kararı Emsal karar ifadesi hangi değerlendirmeyle ilişkilidir?",yargitay_0386_icra_ve_iflas_hukuku_001,True,True,True,True,True,True
867,"Hukuk Genel Kurulu 2024/595 E., 2024/677 K. sayılı Yargıtay HGK kararında Temyiz Usulü; Temyiz Harcının Yatırılmaması konusunda karar metni içinde KARAR Davanın açılmamış sayılmasına ifadesi hangi değerlendirmeyle ilişkilidir?",yargitay_0428_medeni_usul_hukuku_003,False,False,False,False,False,False
868,"Hukuk Genel Kurulu 2025/110 E., 2025/197 K. sayılı Yargıtay HGK kararında Adli Yardım; Temyiz Aşamasında Adli Yardım Talebi konusunda karar metni içinde Adli yardım talep eden kişi elinde bulundurduğu sırada ifadesi hangi değerlendirmeyle ilişkilidir?",yargitay_1019_medeni_usul_hukuku_006,False,False,False,True,False,True
869,"Hukuk Genel Kurulu 2013/2195 E., 2015/1141 K. sayılı Yargıtay HGK kararında Kambiyo Senetlerine Özgü Takipte İmzaya ve Borca İtiraz; İcra Mahkemesinde Uygulanacak Yargılama Usulü konusunda karar metni içinde İcra mahkemesinde dava yolu inceleme 2004 sayılı İcra ifadesi hangi değerlendirmeyle ilişkilidir?",yargitay_0079_icra_ve_iflas_hukuku_006,False,False,False,True,False,True
870,"Hukuk Genel Kurulu 2024/194 E., 2024/672 K. sayılı Yargıtay HGK kararında Hâkimlerin Hukuki Sorumluluğuna Dayalı Tazminat Davası konusunda karar metni içinde KARAR Davanın açılmamış sayılmasına ifadesi hangi değerlendirmeyle ilişkilidir?",yargitay_0418_medeni_usul_hukuku_003,False,False,False,False,False,False
871,"Hukuk Genel Kurulu 2013/1695 E., 2015/1035 K. sayılı Yargıtay HGK kararında Haczedilmezlik Şikayeti; Süresiz Şikayet; 775 sayılı Gecekondu Kanunu m. 34; 2004 sayılı İcra ve İflas Kanunu m. 16 konusunda karar metni içinde Hukuk Genel Kurulu 2013 1695 2015 1035 ifadesi hangi değerlendirmeyle ilişkilidir?",yargitay_0836_icra_ve_iflas_hukuku_002,False,True,False,True,True,True
872,"Hukuk Genel Kurulu 2024/382 E., 2024/264 K. sayılı Yargıtay HGK kararında Yargılama Usulü; Direnme Kararının Hukuk Genel Kurulunca Bozulması ve Bozmaya Uyma konusunda karar metni içinde Hukuk Genel Kurulu 2024 382 2024 264 ifadesi hangi değerlendirmeyle ilişkilidir?",yargitay_0066_is_hukuku_002,False,False,False,False,False,False
873,"Hukuk Genel Kurulu 2025/118 E., 2025/16 K. sayılı Yargıtay HGK kararında Temyiz; Hukuk Genel Kurulunun Bozma Kararına Uyulması konusunda uyuşmazlık özeti içinde türü Yargıtay Hukuk Genel Kurulu kararı Emsal karar ifadesi hangi değerlendirmeyle ilişkilidir?",yargitay_0696_medeni_usul_hukuku_001,True,True,True,True,True,True
874,"Hukuk Genel Kurulu 2013/2239 E., 2015/1334 K. sayılı Yargıtay HGK kararında Kamulaştırılan Taşınmazın Tescili konusunda karar metni içinde Hukuk Genel Kurulu 2013 2239 2015 1334 ifadesi hangi değerlendirmeyle ilişkilidir?",yargitay_1310_kamulastirma_hukuku_002,False,False,False,True,False,True
875,"Hukuk Genel Kurulu 2013/1621 E., 2015/78 K. sayılı Yargıtay HGK kararında Direnme Kararı; Hüküm Fıkrası konusunda karar metni içinde İçtihat Metni MAHKEMESİ Hopa Asliye Hukuk Mahkemesi TARİHİ ifadesi hangi değerlendirmeyle ilişkilidir?",yargitay_0186_medeni_usul_hukuku_003,False,False,True,True,True,True
876,"Hukuk Genel Kurulu 2013/1610 E., 2015/892 K. sayılı Yargıtay HGK kararında Haczedilmezlik Şikayeti; Meskeniyet İddiası konusunda karar metni içinde İcra İflas Hukukunda kural borçlunun malvarlığını teşkil eden ifadesi hangi değerlendirmeyle ilişkilidir?",yargitay_0737_icra_ve_iflas_hukuku_004,False,False,False,False,False,False
877,"Hukuk Genel Kurulu 2025/278 E., 2025/274 K. sayılı Yargıtay HGK kararında Temyiz Kanun Yolu; Temyizden Feragat konusunda karar metni içinde Hukuk Genel Kurulu 2025 278 2025 274 ifadesi hangi değerlendirmeyle ilişkilidir?",yargitay_1117_medeni_usul_hukuku_002,False,True,True,True,False,True
878,"Hukuk Genel Kurulu 2013/1854 E., 2015/1310 K. sayılı Yargıtay HGK kararında Ortaklığın Giderilmesi konusunda karar metni içinde HUKUK GENEL KURULU KARARI Hukuk Genel Kurulunca incelenerek ifadesi hangi değerlendirmeyle ilişkilidir?",yargitay_1291_medeni_hukuk_005,False,False,False,False,False,False
879,"Hukuk Genel Kurulu 2013/2077 E., 2015/1236 K. sayılı Yargıtay HGK kararında Taşınmaz Hukuku; Ortaklığın Giderilmesi; İmar Planı ve Parselasyon Planının İptali; İdare Mahkemesi Kararlarının Kesinleşmesinin Beklenmesi Gerekliliği; Yeni Delil Sunulması Durumunda Direnme Kararının Niteliği konusunda karar metni içinde Parselasyon planı dayanağını oluşturan imar planının iptaline ilişkin ifadesi hangi değerlendirmeyle ilişkilidir?",yargitay_0980_medeni_hukuk_004,False,True,False,True,False,True
880,"Hukuk Genel Kurulu 2015/304 E., 2015/1093 K. sayılı Yargıtay HGK kararında Devletin Sorumluluğu; Yargısal Faaliyetten Kaynaklanan Tazminat Davası konusunda karar metni içinde Asliye Hukuk Mahkemesi nin 2008 Esas 2009 Karar ifadesi hangi değerlendirmeyle ilişkilidir?",yargitay_0911_medeni_usul_hukuku_005,False,True,True,True,False,True
881,"Hukuk Genel Kurulu 2013/1734 E., 2015/1252 K. sayılı Yargıtay HGK kararında Kooperatif Üyeliğine Dayalı Tapu İptali ve Tescil konusunda karar metni içinde HUKUK GENEL KURULU KARARI Hukuk Genel Kurulunca incelenerek ifadesi hangi değerlendirmeyle ilişkilidir?",yargitay_0996_kooperatif_hukuku_007,False,False,False,False,False,False
882,"Hukuk Genel Kurulu 2014/2416 E., 2015/657 K. sayılı Yargıtay HGK kararında Temyiz Harcı; 492 sayılı Harçlar Kanunu; 1086 sayılı HUMK m. 434 (6100 sayılı HMK Geçici m. 3) konusunda uyuşmazlık özeti içinde türü Yargıtay Hukuk Genel Kurulu kararı Emsal karar ifadesi hangi değerlendirmeyle ilişkilidir?",yargitay_0564_medeni_usul_hukuku_001,True,True,True,True,True,True
883,"Hukuk Genel Kurulu 2024/282 E., 2024/527 K. sayılı Yargıtay HGK kararında Temyiz Kesinlik Sınırı konusunda karar metni içinde Bölge Adliye Mahkemesince direnme kararının verildiği 2023 tarihinde ifadesi hangi değerlendirmeyle ilişkilidir?",yargitay_0154_icra_ve_iflas_hukuku_005,False,False,False,False,False,False
884,"Hukuk Genel Kurulu 2013/2404 E., 2015/1461 K. sayılı Yargıtay HGK kararında Kadastro Tespitine İtiraz Davasında Husumet konusunda karar metni içinde Islah yolu dahi olsa davada taraf değiştirilemeyeceği göz ifadesi hangi değerlendirmeyle ilişkilidir?",yargitay_1295_kadastro_hukuku_004,False,True,True,True,True,True
885,Kişisel Verilerin Korunması Kanunu kaynağında anayasa konusunda Kişisel Verilerin Korunması bilgisi nasıl açıklanır?,lawchatbot_kisisel_verilerin_korunmasi_0008,False,False,False,False,False,False
886,Ceza Hukuku / Ceza Muhakemesi + Tüketici Hukuku kaynağında anayasa konusunda Ceza Hukuku Ceza Muhakemesi Tüketici Hukuku bilgisi nasıl açıklanır?,lawchatbot_ceza_hukuku_ceza_muhakemesi_tuketici_hukuku_0001,False,False,False,True,False,True
887,"['Türkiye Cumhuriyeti Anayasası', 'Hukuk Muhakemeleri Kanunu'] kaynağında anayasa konusunda Türkiye Cumhuriyeti Anayasası Hukuk Muhakemeleri Kanunu Meden Usul bilgisi nasıl açıklanır?",lawchatbot_turkiye_cumhuriyeti_anayasasi_hukuk_muhakemeleri_kanun_0005_a1dcd6,True,True,False,False,False,True
888,İdare Hukuku / İdari Yargı + Kişisel Verilerin Korunması kaynağında anayasa konusunda İdare Hukuku İdari Yargı Kişisel Verilerin Korunması bilgisi nasıl açıklanır?,lawchatbot_idare_hukuku_idari_yargi_kisisel_verilerin_korunmasi_0001,False,True,True,True,False,False
889,"['Hukuk Muhakemeleri Kanunu', 'Türk Medenî Kanunu'] kaynağında anayasa konusunda Türk Meden Kanunu Meden Hukuk Hukuk Muhakemeleri Kanunu bilgisi nasıl açıklanır?",lawchatbot_turk_medeni_kanunu_medeni_hukuk_hukuk_muhakemeleri_kan_0003,False,False,False,False,False,False
890,"['Türkiye Cumhuriyeti Anayasası', 'Türk Borçlar Kanunu'] kaynağında anayasa konusunda Türkiye Cumhuriyeti Anayasası Türk Borçlar Kanunu Borçlar Hukuku bilgisi nasıl açıklanır?",lawchatbot_turkiye_cumhuriyeti_anayasasi_turk_borclar_kanunu_borc_0001_efe377,True,True,True,True,True,True
891,"['Türk Borçlar Kanunu', 'Türk Medenî Kanunu'] kaynağında anayasa konusunda Türk Meden Kanunu Meden Hukuk Türk Borçlar Kanunu bilgisi nasıl açıklanır?",lawchatbot_turk_medeni_kanunu_medeni_hukuk_turk_borclar_kanunu_bo_0002,False,False,False,False,False,False
892,Türk Borçlar Kanunu kaynağında anayasa konusunda Türk Borçlar Kanunu Borçlar Hukuku Tüketici Hukuku bilgisi nasıl açıklanır?,lawchatbot_turk_borclar_kanunu_borclar_hukuku_tuketici_hukuku_0002,False,False,False,False,False,False
893,Türk Medenî Kanunu kaynağında anayasa konusunda Türk Meden Kanunu Meden Hukuk Ceza Hukuku Ceza bilgisi nasıl açıklanır?,lawchatbot_turk_medeni_kanunu_medeni_hukuk_ceza_hukuku_ceza_muhak_0002,False,False,False,False,False,False
894,Türk Borçlar Kanunu kaynağında anayasa konusunda Türk Borçlar Kanunu Borçlar Hukuku Ceza Hukuku Ceza bilgisi nasıl açıklanır?,lawchatbot_turk_borclar_kanunu_borclar_hukuku_ceza_hukuku_ceza_mu_0005,False,False,False,False,False,False
895,Türkiye Cumhuriyeti Anayasası kaynağında anayasa konusunda Türkiye Cumhuriyeti Anayasası bilgisi nasıl açıklanır?,lawchatbot_turkiye_cumhuriyeti_anayasasi_0029,False,False,False,False,False,False
896,Türkiye Cumhuriyeti Anayasası kaynağında Yargıtay konusunda Türkiye Cumhuriyeti Anayasası Madde 154 Yargıtay bilgisi nasıl açıklanır?,lawchatbot_turkiye_cumhuriyeti_anayasasi_m154_p02,True,True,False,True,False,True
897,"['Türkiye Cumhuriyeti Anayasası', 'Türk Borçlar Kanunu'] kaynağında anayasa konusunda Türkiye Cumhuriyeti Anayasası Türk Borçlar Kanunu Borçlar Hukuku bilgisi nasıl açıklanır (TURKISH_LAWCHATBOT_LOW_RISK_ONLY - Türkiye Cumhuriyeti Anayasası + Türk Borçlar Kanunu / Borçlar Hukuku - lawchatbot_turkiye_cumhuriyeti_anayasasi_turk_borclar_kanunu_borc_0006) ?",lawchatbot_turkiye_cumhuriyeti_anayasasi_turk_borclar_kanunu_borc_0006,False,False,True,True,False,False
898,Kişisel Verilerin Korunması Kanunu kaynağında anayasa konusunda Kişisel Verilerin Korunması bilgisi nasıl açıklanır (TURKISH_LAWCHATBOT_LOW_RISK_ONLY - Kişisel Verilerin Korunması - lawchatbot_kisisel_verilerin_korunmasi_0004) ?,lawchatbot_kisisel_verilerin_korunmasi_0004,False,False,False,False,False,False
899,İş Hukuku + İdare Hukuku / İdari Yargı kaynağında anayasa konusunda İş Hukuku İdare Hukuku İdari Yargı bilgisi nasıl açıklanır?,lawchatbot_is_hukuku_idare_hukuku_idari_yargi_0001,False,True,False,True,False,False
900,"['Türkiye Cumhuriyeti Anayasası', 'Hukuk Muhakemeleri Kanunu'] kaynağında anayasa konusunda Türkiye Cumhuriyeti Anayasası Hukuk Muhakemeleri Kanunu Meden Usul bilgisi nasıl açıklanır (TURKISH_LAWCHATBOT_LOW_RISK_ONLY - Türkiye Cumhuriyeti Anayasası + Hukuk Muhakemeleri Kanunu / Medenî Usul + Ceza Hukuku / Ceza Muhakemesi - lawchatbot_turkiye_cumhuriyeti_anayasasi_hukuk_muhakemeleri_kanun_0007) ?",lawchatbot_turkiye_cumhuriyeti_anayasasi_hukuk_muhakemeleri_kanun_0007,False,True,False,False,False,True
901,Hukuk Muhakemeleri Kanunu kaynağında anayasa konusunda Hukuk Muhakemeleri Kanunu Meden Usul İdare Hukuku İdari bilgisi nasıl açıklanır?,lawchatbot_hukuk_muhakemeleri_kanunu_medeni_usul_idare_hukuku_ida_0006,False,False,False,False,False,False
902,"['Türkiye Cumhuriyeti Anayasası', 'Hukuk Muhakemeleri Kanunu'] kaynağında anayasa konusunda Türkiye Cumhuriyeti Anayasası Hukuk Muhakemeleri Kanunu Meden Usul bilgisi nasıl açıklanır (TURKISH_LAWCHATBOT_LOW_RISK_ONLY - Türkiye Cumhuriyeti Anayasası + Hukuk Muhakemeleri Kanunu / Medenî Usul + Ceza Hukuku / Ceza Muhakemesi - lawchatbot_turkiye_cumhuriyeti_anayasasi_hukuk_muhakemeleri_kanun_0005_bcd1e5) ?",lawchatbot_turkiye_cumhuriyeti_anayasasi_hukuk_muhakemeleri_kanun_0005_bcd1e5,False,False,False,False,False,False
903,Türkiye Cumhuriyeti Anayasası kaynağında anayasa konusunda Türkiye Cumhuriyeti Anayasası bilgisi nasıl açıklanır (TURKISH_LAWCHATBOT_LOW_RISK_ONLY - Türkiye Cumhuriyeti Anayasası - lawchatbot_turkiye_cumhuriyeti_anayasasi_0028) ?,lawchatbot_turkiye_cumhuriyeti_anayasasi_0028,False,False,False,False,False,False
904,"['Hukuk Muhakemeleri Kanunu', 'Türk Borçlar Kanunu'] kaynağında anayasa konusunda Türk Borçlar Kanunu Borçlar Hukuku Hukuk Muhakemeleri Kanunu bilgisi nasıl açıklanır?",lawchatbot_turk_borclar_kanunu_borclar_hukuku_hukuk_muhakemeleri_0003_f01cb6,False,False,False,False,False,False
905,Türk Borçlar Kanunu kaynağında anayasa konusunda Türk Borçlar Kanunu Borçlar Hukuku İcra İflas Hukuku bilgisi nasıl açıklanır?,lawchatbot_turk_borclar_kanunu_borclar_hukuku_icra_ve_iflas_hukuk_0001,False,False,False,True,False,False
906,Hukuk Muhakemeleri Kanunu kaynağında anayasa konusunda Hukuk Muhakemeleri Kanunu Meden Usul Kişisel Verilerin Korunması bilgisi nasıl açıklanır?,lawchatbot_hukuk_muhakemeleri_kanunu_medeni_usul_kisisel_verileri_0002,False,False,False,True,False,False
907,"['Türk Borçlar Kanunu', 'Türk Medenî Kanunu'] kaynağında anayasa konusunda Türk Meden Kanunu Meden Hukuk Türk Borçlar Kanunu bilgisi nasıl açıklanır (TURKISH_LAWCHATBOT_LOW_RISK_ONLY - Türk Medenî Kanunu / Medenî Hukuk + Türk Borçlar Kanunu / Borçlar Hukuku + Tüketici Hukuku - lawchatbot_turk_medeni_kanunu_medeni_hukuk_turk_borclar_kanunu_bo_0001_6d2691) ?",lawchatbot_turk_medeni_kanunu_medeni_hukuk_turk_borclar_kanunu_bo_0001_6d2691,False,True,False,False,False,False
908,İdare Hukuku / İdari Yargı kaynağında anayasa konusunda İdare Hukuku İdari Yargı bilgisi nasıl açıklanır?,lawchatbot_idare_hukuku_idari_yargi_0006,False,False,False,False,False,False
909,"['Hukuk Muhakemeleri Kanunu', 'Türk Borçlar Kanunu'] kaynağında anayasa konusunda Türk Borçlar Kanunu Borçlar Hukuku Hukuk Muhakemeleri Kanunu bilgisi nasıl açıklanır (TURKISH_LAWCHATBOT_LOW_RISK_ONLY - Türk Borçlar Kanunu / Borçlar Hukuku + Hukuk Muhakemeleri Kanunu / Medenî Usul + İcra ve İflas Hukuku - lawchatbot_turk_borclar_kanunu_borclar_hukuku_hukuk_muhakemeleri_0005_c79bfc) ?",lawchatbot_turk_borclar_kanunu_borclar_hukuku_hukuk_muhakemeleri_0005_c79bfc,False,True,False,True,False,False
910,Hukuk Muhakemeleri Kanunu kaynağında anayasa konusunda Hukuk Muhakemeleri Kanunu Meden Usul İş Hukuku bilgisi nasıl açıklanır?,lawchatbot_hukuk_muhakemeleri_kanunu_medeni_usul_is_hukuku_0004,False,False,False,False,False,False
911,Tüketici Hukuku kaynağında anayasa konusunda Tüketici Hukuku bilgisi nasıl açıklanır?,lawchatbot_tuketici_hukuku_0003,False,True,False,True,False,True
912,Türkiye Cumhuriyeti Anayasası kaynağında İnkılap kanunlarının korunması konusunda Türkiye Cumhuriyeti Anayasası Madde 174 İnkılap kanunlarının korunması bilgisi nasıl açıklanır?,lawchatbot_turkiye_cumhuriyeti_anayasasi_m174_p01,False,True,True,True,False,True
913,Türkiye Cumhuriyeti Anayasası kaynağında anayasa konusunda Türkiye Cumhuriyeti Anayasası İş Hukuku bilgisi nasıl açıklanır?,lawchatbot_turkiye_cumhuriyeti_anayasasi_is_hukuku_0004,False,False,False,False,False,False
914,"['Türk Borçlar Kanunu', 'Türk Medenî Kanunu'] kaynağında anayasa konusunda Türk Meden Kanunu Meden Hukuk Türk Borçlar Kanunu bilgisi nasıl açıklanır (TURKISH_LAWCHATBOT_LOW_RISK_ONLY - Türk Medenî Kanunu / Medenî Hukuk + Türk Borçlar Kanunu / Borçlar Hukuku - lawchatbot_turk_medeni_kanunu_medeni_hukuk_turk_borclar_kanunu_bo_0001) ?",lawchatbot_turk_medeni_kanunu_medeni_hukuk_turk_borclar_kanunu_bo_0001,False,False,False,False,False,False
915,Türk Borçlar Kanunu kaynağında anayasa konusunda Türk Borçlar Kanunu Borçlar Hukuku bilgisi nasıl açıklanır?,lawchatbot_turk_borclar_kanunu_borclar_hukuku_0006,False,False,False,False,False,False
916,Türkiye Cumhuriyeti Anayasası kaynağında Kesinhesap konusunda Türkiye Cumhuriyeti Anayasası Madde 164 Kesinhesap bilgisi nasıl açıklanır?,lawchatbot_turkiye_cumhuriyeti_anayasasi_m164_p02,False,True,False,True,False,True
917,Türkiye Cumhuriyeti Anayasası kaynağında Zorla çalıştırma yasağı konusunda Türkiye Cumhuriyeti Anayasası Madde Zorla çalıştırma yasağı bilgisi nasıl açıklanır?,lawchatbot_turkiye_cumhuriyeti_anayasasi_m18,True,True,True,True,True,True
918,"['Hukuk Muhakemeleri Kanunu', 'Türk Borçlar Kanunu'] kaynağında anayasa konusunda Türk Borçlar Kanunu Borçlar Hukuku Hukuk Muhakemeleri Kanunu bilgisi nasıl açıklanır (TURKISH_LAWCHATBOT_LOW_RISK_ONLY - Türk Borçlar Kanunu / Borçlar Hukuku + Hukuk Muhakemeleri Kanunu / Medenî Usul + İcra ve İflas Hukuku - lawchatbot_turk_borclar_kanunu_borclar_hukuku_hukuk_muhakemeleri_0004_935a3f) ?",lawchatbot_turk_borclar_kanunu_borclar_hukuku_hukuk_muhakemeleri_0004_935a3f,False,False,False,True,False,False
919,Türkiye Cumhuriyeti Anayasası kaynağında anayasa konusunda Türkiye Cumhuriyeti Anayasası İcra İflas Hukuku bilgisi nasıl açıklanır?,lawchatbot_turkiye_cumhuriyeti_anayasasi_icra_ve_iflas_hukuku_0001,False,False,False,True,False,True
920,"['Türkiye Cumhuriyeti Anayasası', 'Türk Borçlar Kanunu'] kaynağında anayasa konusunda Türkiye Cumhuriyeti Anayasası Türk Borçlar Kanunu Borçlar Hukuku bilgisi nasıl açıklanır (TURKISH_LAWCHATBOT_LOW_RISK_ONLY - Türkiye Cumhuriyeti Anayasası + Türk Borçlar Kanunu / Borçlar Hukuku + İş Hukuku - lawchatbot_turkiye_cumhuriyeti_anayasasi_turk_borclar_kanunu_borc_0002_a77c5d) ?",lawchatbot_turkiye_cumhuriyeti_anayasasi_turk_borclar_kanunu_borc_0002_a77c5d,False,True,False,True,False,False
921,"['Hukuk Muhakemeleri Kanunu', 'Türk Medenî Kanunu'] kaynağında anayasa konusunda Türk Meden Kanunu Meden Hukuk Hukuk Muhakemeleri Kanunu bilgisi nasıl açıklanır (TURKISH_LAWCHATBOT_LOW_RISK_ONLY - Türk Medenî Kanunu / Medenî Hukuk + Hukuk Muhakemeleri Kanunu / Medenî Usul + İş Hukuku - lawchatbot_turk_medeni_kanunu_medeni_hukuk_hukuk_muhakemeleri_kan_0001_3c996d) ?",lawchatbot_turk_medeni_kanunu_medeni_hukuk_hukuk_muhakemeleri_kan_0001_3c996d,True,True,False,False,False,True
922,Ceza Hukuku / Ceza Muhakemesi + Kişisel Verilerin Korunması kaynağında anayasa konusunda Ceza Hukuku Ceza Muhakemesi Kişisel Verilerin Korunması bilgisi nasıl açıklanır?,lawchatbot_ceza_hukuku_ceza_muhakemesi_kisisel_verilerin_korunmas_0002,False,True,False,True,False,False
923,İcra ve İflas Hukuku kaynağında anayasa konusunda İcra İflas Hukuku bilgisi nasıl açıklanır?,lawchatbot_icra_ve_iflas_hukuku_0004,False,False,False,False,False,False
924,İdare Hukuku / İdari Yargı kaynağında anayasa konusunda İdare Hukuku İdari Yargı bilgisi nasıl açıklanır (TURKISH_LAWCHATBOT_LOW_RISK_ONLY - İdare Hukuku / İdari Yargı - lawchatbot_idare_hukuku_idari_yargi_0007) ?,lawchatbot_idare_hukuku_idari_yargi_0007,False,False,False,False,False,False
925,Türkiye Cumhuriyeti Anayasası kaynağında Bütçelerde değişiklik yapılabilme esasları konusunda Türkiye Cumhuriyeti Anayasası Madde 163 Bütçelerde değişiklik yapılabilme bilgisi nasıl açıklanır?,lawchatbot_turkiye_cumhuriyeti_anayasasi_m163_p01,False,True,True,True,False,True
926,"['Türkiye Cumhuriyeti Anayasası', 'Hukuk Muhakemeleri Kanunu'] kaynağında anayasa konusunda Türkiye Cumhuriyeti Anayasası Hukuk Muhakemeleri Kanunu Meden Usul bilgisi nasıl açıklanır (TURKISH_LAWCHATBOT_LOW_RISK_ONLY - Türkiye Cumhuriyeti Anayasası + Hukuk Muhakemeleri Kanunu / Medenî Usul + İdare Hukuku / İdari Yargı - lawchatbot_turkiye_cumhuriyeti_anayasasi_hukuk_muhakemeleri_kanun_0001_44fb9e) ?",lawchatbot_turkiye_cumhuriyeti_anayasasi_hukuk_muhakemeleri_kanun_0001_44fb9e,False,False,False,False,False,False
927,"['Türkiye Cumhuriyeti Anayasası', 'Hukuk Muhakemeleri Kanunu'] kaynağında anayasa konusunda Türkiye Cumhuriyeti Anayasası Hukuk Muhakemeleri Kanunu Meden Usul bilgisi nasıl açıklanır (TURKISH_LAWCHATBOT_LOW_RISK_ONLY - Türkiye Cumhuriyeti Anayasası + Hukuk Muhakemeleri Kanunu / Medenî Usul + Ceza Hukuku / Ceza Muhakemesi - lawchatbot_turkiye_cumhuriyeti_anayasasi_hukuk_muhakemeleri_kanun_0004_dc8d93) ?",lawchatbot_turkiye_cumhuriyeti_anayasasi_hukuk_muhakemeleri_kanun_0004_dc8d93,False,False,False,False,False,False
928,"['Hukuk Muhakemeleri Kanunu', 'Türk Medenî Kanunu'] kaynağında anayasa konusunda Türk Meden Kanunu Meden Hukuk Hukuk Muhakemeleri Kanunu bilgisi nasıl açıklanır (TURKISH_LAWCHATBOT_LOW_RISK_ONLY - Türk Medenî Kanunu / Medenî Hukuk + Hukuk Muhakemeleri Kanunu / Medenî Usul + İdare Hukuku / İdari Yargı - lawchatbot_turk_medeni_kanunu_medeni_hukuk_hukuk_muhakemeleri_kan_0002_bcee45) ?",lawchatbot_turk_medeni_kanunu_medeni_hukuk_hukuk_muhakemeleri_kan_0002_bcee45,False,False,False,False,False,True
929,"AYM bireysel başvuru özetlerinde İfade ve basın özgürlüğü ve basın, gazete, yayın bağlamında KAYIT 0516 Karar sonucu İhlal Temel hak konusu olayları hangi sonuca bağlanmıştır?",train_kayit_0516_001,False,True,True,True,True,True
930,"AYM bireysel başvuru özetlerinde Toplantı ve örgütlenme özgürlüğü ve toplantı, gösteri, sendika bağlamında KAYIT 0740 Karar sonucu İhlal Temel hak konusu olayları hangi sonuca bağlanmıştır?",train_kayit_0740_001,False,False,True,True,True,True
931,"AYM bireysel başvuru özetlerinde Toplantı ve örgütlenme özgürlüğü ve toplantı, gösteri, dernek bağlamında KAYIT 0772 Karar sonucu İhlal Temel hak konusu olayları hangi sonuca bağlanmıştır?",train_kayit_0772_001,True,True,True,True,True,True
932,"AYM bireysel başvuru özetlerinde Mülkiyet hakkı ve mülkiyet, kamulaştır, taşınmaz bağlamında KAYIT 0119 Karar sonucu İhlal Temel hak konusu olayları hangi sonuca bağlanmıştır?",train_kayit_0119_001,False,True,True,True,True,True
933,"AYM bireysel başvuru özetlerinde İfade ve basın özgürlüğü ve basın, yayın bağlamında KAYIT 0889 Karar sonucu İhlal Temel hak konusu olayları hangi sonuca bağlanmıştır?",train_kayit_0889_001,False,True,True,True,True,True
934,"AYM bireysel başvuru özetlerinde Özel hayat, aile hayatı ve kişisel veri ve aile hayatı, konut, haberleşme bağlamında KAYIT 0677 Karar sonucu İhlal Temel hak konusu olayları hangi sonuca bağlanmıştır?",train_kayit_0677_001,False,True,True,True,True,True
935,"AYM bireysel başvuru özetlerinde İfade ve basın özgürlüğü ve ifade özgürlüğü, ifade hürriyeti, basın bağlamında KAYIT 0767 Karar sonucu İhlal olmadığı Temel hak olayları hangi sonuca bağlanmıştır?",train_kayit_0767_001,True,True,True,True,True,True
936,"AYM bireysel başvuru özetlerinde İfade ve basın özgürlüğü ve basın, gazete, haber bağlamında KAYIT 0839 Karar sonucu İhlal olmadığı Temel hak olayları hangi sonuca bağlanmıştır?",train_kayit_0839_001,False,True,True,True,True,True
937,"AYM bireysel başvuru özetlerinde Adil yargılanma hakkı ve temyiz, yargılama, mahkeme bağlamında KAYIT 0731 Karar sonucu İhlal Temel hak konusu olayları hangi sonuca bağlanmıştır?",train_kayit_0731_001,False,False,True,True,True,True
938,"AYM bireysel başvuru özetlerinde Adil yargılanma hakkı ve adil yargılanma, makul süre, yargılama bağlamında KAYIT 0766 Karar sonucu İhlal Temel hak konusu olayları hangi sonuca bağlanmıştır?",train_kayit_0766_001,True,True,True,True,True,True
939,"AYM bireysel başvuru özetlerinde Toplantı ve örgütlenme özgürlüğü ve toplantı, gösteri, sendika bağlamında KAYIT 0552 Karar sonucu İhlal Temel hak konusu olayları hangi sonuca bağlanmıştır?",train_kayit_0552_001,False,True,True,True,True,True
940,"AYM bireysel başvuru özetlerinde Adil yargılanma hakkı ve adil yargılanma, gerekçeli karar, silahların eşitliği bağlamında KAYIT 0457 Karar sonucu İhlal Temel hak konusu olayları hangi sonuca bağlanmıştır?",train_kayit_0457_001,True,True,True,True,True,True
941,"AYM bireysel başvuru özetlerinde İfade ve basın özgürlüğü ve propaganda, basın, haber bağlamında KAYIT 0597 Karar sonucu İhlal Temel hak konusu olayları hangi sonuca bağlanmıştır?",train_kayit_0597_001,False,True,True,True,True,True
942,"AYM bireysel başvuru özetlerinde Mülkiyet hakkı ve mülkiyet, taşınmaz, tapu bağlamında KAYIT 0710 Karar sonucu İhlal Temel hak konusu olayları hangi sonuca bağlanmıştır?",train_kayit_0710_001,True,True,True,True,True,True
943,"AYM bireysel başvuru özetlerinde Adil yargılanma hakkı ve temyiz, yargılama, mahkeme bağlamında KAYIT 0316 Karar sonucu İhlal Temel hak konusu olayları hangi sonuca bağlanmıştır?",train_kayit_0316_001,False,False,False,False,False,False
944,"AYM bireysel başvuru özetlerinde Mülkiyet hakkı ve mülkiyet, taşınmaz, tapu bağlamında KAYIT 0454 Karar sonucu İhlal Temel hak konusu olayları hangi sonuca bağlanmıştır?",train_kayit_0454_001,True,True,True,True,True,True
945,"AYM bireysel başvuru özetlerinde Eğitim hakkı ve eğitim, okul, üniversite bağlamında KAYIT 0361 Karar sonucu İhlal Temel hak konusu olayları hangi sonuca bağlanmıştır?",train_kayit_0361_001,True,True,True,True,True,True
946,"AYM bireysel başvuru özetlerinde Mülkiyet hakkı ve kamulaştır, taşınmaz, tapu bağlamında KAYIT 0243 Karar sonucu İhlal Temel hak konusu olayları hangi sonuca bağlanmıştır?",train_kayit_0243_001,False,True,True,True,True,True
947,"AYM bireysel başvuru özetlerinde Yaşam hakkı / kötü muamele yasağı ve yaşam hakkı, ölüm, öldür bağlamında KAYIT 0629 Karar sonucu İhlal olmadığı Temel hak olayları hangi sonuca bağlanmıştır?",train_kayit_0629_001,False,True,True,True,True,True
948,"AYM bireysel başvuru özetlerinde Mülkiyet hakkı ve mülkiyet, kamulaştır, taşınmaz bağlamında KAYIT 0671 Karar sonucu İhlal Temel hak konusu olayları hangi sonuca bağlanmıştır?",train_kayit_0671_001,True,True,True,True,True,True
949,"AYM bireysel başvuru özetlerinde Adil yargılanma hakkı ve temyiz, yargılama, mahkeme bağlamında KAYIT 0573 Karar sonucu İhlal Temel hak konusu olayları hangi sonuca bağlanmıştır?",train_kayit_0573_001,True,True,True,True,True,True
950,"AYM bireysel başvuru özetlerinde Mülkiyet hakkı ve taşınmaz, tapu bağlamında KAYIT 0894 Karar sonucu İhlal Temel hak konusu olayları hangi sonuca bağlanmıştır?",train_kayit_0894_001,True,True,True,True,True,True
951,"AYM bireysel başvuru özetlerinde Kişi özgürlüğü ve güvenliği hakkı ve tutukluluk, tutuklama, tutuklu bağlamında KAYIT 0788 Karar sonucu İhlal Temel hak konusu olayları hangi sonuca bağlanmıştır?",train_kayit_0788_001,True,True,True,True,True,True
952,"AYM bireysel başvuru özetlerinde Kişi özgürlüğü ve güvenliği hakkı ve tutuklu, tahliye bağlamında KAYIT 0787 Karar sonucu İhlal Temel hak konusu olayları hangi sonuca bağlanmıştır?",train_kayit_0787_001,True,True,True,True,True,True
953,"AYM bireysel başvuru özetlerinde Adil yargılanma hakkı ve makul süre, temyiz, yargılama bağlamında KAYIT 0117 Karar sonucu İhlal Temel hak konusu olayları hangi sonuca bağlanmıştır?",train_kayit_0117_001,True,True,True,True,True,True
954,"AYM bireysel başvuru özetlerinde Mülkiyet hakkı ve mülkiyet, taşınmaz, tapu bağlamında KAYIT 0605 Karar sonucu İhlal olmadığı Temel hak olayları hangi sonuca bağlanmıştır?",train_kayit_0605_001,False,True,True,True,True,True
955,"AYM bireysel başvuru özetlerinde Adil yargılanma hakkı ve savunma, yargılama, mahkeme bağlamında KAYIT 0685 Karar sonucu İhlal Temel hak konusu olayları hangi sonuca bağlanmıştır?",train_kayit_0685_001,False,False,True,True,True,True
956,"AYM bireysel başvuru özetlerinde Kişi özgürlüğü ve güvenliği hakkı ve tutuklama, gözaltı, tahliye bağlamında KAYIT 0200 Karar sonucu İhlal Temel hak konusu olayları hangi sonuca bağlanmıştır?",train_kayit_0200_001,False,False,False,True,True,True
957,"AYM bireysel başvuru özetlerinde Adil yargılanma hakkı ve savunma, yargılama, mahkeme bağlamında KAYIT 0240 Karar sonucu İhlal Temel hak konusu olayları hangi sonuca bağlanmıştır?",train_kayit_0240_001,False,False,True,True,True,True
958,"AYM bireysel başvuru özetlerinde Toplantı ve örgütlenme özgürlüğü ve gösteri, sendika, grev bağlamında KAYIT 0593 Karar sonucu İhlal Temel hak konusu olayları hangi sonuca bağlanmıştır?",train_kayit_0593_001,False,False,True,True,True,True
959,"AYM bireysel başvuru özetlerinde Yaşam hakkı / kötü muamele yasağı ve yaşam hakkı, ölüm, öldür bağlamında KAYIT 0300 Karar sonucu İhlal Temel hak konusu olayları hangi sonuca bağlanmıştır?",train_kayit_0300_001,True,True,True,True,True,True
960,"AYM bireysel başvuru özetlerinde Adil yargılanma hakkı ve temyiz, yargılama, mahkeme bağlamında KAYIT 0615 Karar sonucu İhlal Temel hak konusu olayları hangi sonuca bağlanmıştır?",train_kayit_0615_001,False,True,True,True,True,True
961,"AYM bireysel başvuru özetlerinde Mülkiyet hakkı ve mülkiyet, taşınmaz, tapu bağlamında KAYIT 0004 Karar sonucu İhlal olmadığı Temel hak olayları hangi sonuca bağlanmıştır?",train_kayit_0004_001,False,False,True,True,True,True
962,"AYM bireysel başvuru özetlerinde Adil yargılanma hakkı ve gerekçeli karar, temyiz, yargılama bağlamında KAYIT 0592 Karar sonucu İhlal Temel hak konusu olayları hangi sonuca bağlanmıştır?",train_kayit_0592_001,False,False,True,True,True,True
963,"AYM bireysel başvuru özetlerinde Mülkiyet hakkı ve mülkiyet, taşınmaz, tapu bağlamında KAYIT 0693 Karar sonucu İhlal Temel hak konusu olayları hangi sonuca bağlanmıştır?",train_kayit_0693_001,True,True,True,True,True,True
964,"AYM bireysel başvuru özetlerinde Adil yargılanma hakkı ve temyiz, yargılama, mahkeme bağlamında KAYIT 0589 Karar sonucu İhlal Temel hak konusu olayları hangi sonuca bağlanmıştır?",train_kayit_0589_001,True,True,True,True,True,True
965,"AYM bireysel başvuru özetlerinde Mülkiyet hakkı ve tapu, araç bağlamında KAYIT 0757 Karar sonucu İhlal Temel hak konusu olayları hangi sonuca bağlanmıştır?",train_kayit_0757_001,True,True,True,True,True,True
966,AYM bireysel başvuru özetlerinde Kişi özgürlüğü ve güvenliği hakkı ve tutuklu bağlamında KAYIT 0621 Karar sonucu İhlal Temel hak konusu olayları hangi sonuca bağlanmıştır?,train_kayit_0621_001,True,True,True,True,True,True
967,"AYM bireysel başvuru özetlerinde Toplantı ve örgütlenme özgürlüğü ve gösteri, grev bağlamında KAYIT 0651 Karar sonucu İhlal Temel hak konusu olayları hangi sonuca bağlanmıştır?",train_kayit_0651_001,False,True,True,True,True,True
968,"AYM bireysel başvuru özetlerinde Mülkiyet hakkı ve mülkiyet, kamulaştır, taşınmaz bağlamında KAYIT 0133 Karar sonucu İhlal olmadığı Temel hak olayları hangi sonuca bağlanmıştır?",train_kayit_0133_001,False,True,True,True,True,True
969,AYM bireysel başvuru özetlerinde Eğitim hakkı ve eğitim bağlamında KAYIT 0386 Karar sonucu İhlal Temel hak konusu olayları hangi sonuca bağlanmıştır?,train_kayit_0386_001,True,True,True,True,True,True
970,"AYM bireysel başvuru özetlerinde İfade ve basın özgürlüğü ve gazete, haber, yayın bağlamında KAYIT 0663 Karar sonucu İhlal Temel hak konusu olayları hangi sonuca bağlanmıştır?",train_kayit_0663_001,False,True,True,True,True,True
971,"AYM bireysel başvuru özetlerinde Yaşam hakkı / kötü muamele yasağı ve yaşam hakkı, ölüm, işkence bağlamında KAYIT 0420 Karar sonucu İhlal Temel hak konusu olayları hangi sonuca bağlanmıştır?",train_kayit_0420_001,False,True,True,True,True,True
972,"AYM bireysel başvuru özetlerinde Mülkiyet hakkı ve taşınmaz, tapu bağlamında KAYIT 0380 Karar sonucu İhlal Temel hak konusu olayları hangi sonuca bağlanmıştır?",train_kayit_0380_001,False,True,True,True,True,True
973,"AYM bireysel başvuru özetlerinde Adil yargılanma hakkı ve makul süre, temyiz, yargılama bağlamında KAYIT 0268 Karar sonucu İhlal Temel hak konusu olayları hangi sonuca bağlanmıştır?",train_kayit_0268_001,True,True,True,True,True,True
974,"AYM bireysel başvuru özetlerinde Mülkiyet hakkı ve mülkiyet, taşınmaz, tapu bağlamında KAYIT 0779 Karar sonucu İhlal olmadığı Temel hak olayları hangi sonuca bağlanmıştır?",train_kayit_0779_001,False,False,True,True,True,True
975,"AYM bireysel başvuru özetlerinde Adil yargılanma hakkı ve makul süre, tanık, temyiz bağlamında KAYIT 0203 Karar sonucu İhlal Temel hak konusu olayları hangi sonuca bağlanmıştır?",train_kayit_0203_001,True,True,True,True,True,True
976,"AYM bireysel başvuru özetlerinde Mülkiyet hakkı ve mülkiyet, taşınmaz, tapu bağlamında KAYIT 0032 Karar sonucu İhlal Temel hak konusu olayları hangi sonuca bağlanmıştır?",train_kayit_0032_001,False,True,True,True,True,True
977,"AYM bireysel başvuru özetlerinde Toplantı ve örgütlenme özgürlüğü ve toplantı, gösteri, dernek bağlamında KAYIT 0875 Karar sonucu İhlal Temel hak konusu olayları hangi sonuca bağlanmıştır?",train_kayit_0875_001,True,True,True,True,True,True
978,AYM bireysel başvuru özetlerinde İfade ve basın özgürlüğü ve basın bağlamında KAYIT 0830 Karar sonucu İhlal Temel hak konusu olayları hangi sonuca bağlanmıştır?,train_kayit_0830_001,False,True,True,True,True,True
979,"AYM bireysel başvuru özetlerinde Özel hayat, aile hayatı ve kişisel veri ve özel hayat, aile hayatı, telefon bağlamında KAYIT 0742 Karar sonucu İhlal Temel hak konusu olayları hangi sonuca bağlanmıştır?",train_kayit_0742_001,True,True,True,True,True,True
980,"AYM bireysel başvuru özetlerinde Mülkiyet hakkı ve kamulaştır, taşınmaz bağlamında KAYIT 0496 Karar sonucu İhlal Temel hak konusu olayları hangi sonuca bağlanmıştır?",train_kayit_0496_001,False,True,True,True,True,True
981,"AYM bireysel başvuru özetlerinde Özel hayat, aile hayatı ve kişisel veri ve özel hayat, aile hayatı, konut bağlamında KAYIT 0602 Karar sonucu İhlal olmadığı Temel hak olayları hangi sonuca bağlanmıştır?",train_kayit_0602_001,False,True,True,True,True,True
982,"AYM bireysel başvuru özetlerinde Adil yargılanma hakkı ve gerekçeli karar, temyiz, istinaf bağlamında KAYIT 0130 Karar sonucu İhlal Temel hak konusu olayları hangi sonuca bağlanmıştır?",train_kayit_0130_001,False,True,True,True,True,True
983,"AYM bireysel başvuru özetlerinde İfade ve basın özgürlüğü ve ifade özgürlüğü, basın, gazete bağlamında KAYIT 0716 Karar sonucu İhlal Temel hak konusu olayları hangi sonuca bağlanmıştır?",train_kayit_0716_001,False,True,True,True,True,True
984,AYM bireysel başvuru özetlerinde Yaşam hakkı / kötü muamele yasağı ve ölüm bağlamında KAYIT 0885 Karar sonucu İhlal Temel hak konusu olayları hangi sonuca bağlanmıştır?,train_kayit_0885_001,False,False,True,True,True,True
985,"AYM bireysel başvuru özetlerinde Mülkiyet hakkı ve mülkiyet, taşınmaz, tapu bağlamında KAYIT 0728 Karar sonucu İhlal Temel hak konusu olayları hangi sonuca bağlanmıştır?",train_kayit_0728_001,True,True,True,True,True,True
986,"AYM bireysel başvuru özetlerinde Mülkiyet hakkı ve mülkiyet, idari para cezası, gümrük bağlamında KAYIT 0660 Karar sonucu İhlal Temel hak konusu olayları hangi sonuca bağlanmıştır?",train_kayit_0660_001,False,True,True,True,True,True
987,"AYM bireysel başvuru özetlerinde Mülkiyet hakkı ve taşınmaz, tapu bağlamında KAYIT 0507 Karar sonucu İhlal Temel hak konusu olayları hangi sonuca bağlanmıştır?",train_kayit_0507_001,False,True,True,True,False,True
988,"AYM bireysel başvuru özetlerinde Adil yargılanma hakkı ve tanık, savunma, temyiz bağlamında KAYIT 0865 Karar sonucu İhlal Temel hak konusu olayları hangi sonuca bağlanmıştır?",train_kayit_0865_001,False,False,True,True,True,True
989,"AYM bireysel başvuru özetlerinde Yaşam hakkı / kötü muamele yasağı ve ölüm, öldür bağlamında KAYIT 0718 Karar sonucu İhlal Temel hak konusu olayları hangi sonuca bağlanmıştır?",train_kayit_0718_001,False,False,True,True,True,True
990,"AYM bireysel başvuru özetlerinde Mülkiyet hakkı ve mülkiyet, taşınmaz, tapu bağlamında KAYIT 0726 Karar sonucu İhlal Temel hak konusu olayları hangi sonuca bağlanmıştır?",train_kayit_0726_001,True,True,True,True,True,True
991,"AYM bireysel başvuru özetlerinde Toplantı ve örgütlenme özgürlüğü ve toplantı, gösteri, siyasi parti bağlamında KAYIT 0543 Karar sonucu İhlal olmadığı Temel hak olayları hangi sonuca bağlanmıştır?",train_kayit_0543_001,True,True,True,True,True,True
992,"AYM bireysel başvuru özetlerinde Toplantı ve örgütlenme özgürlüğü ve gösteri, sendika bağlamında KAYIT 0144 Karar sonucu İhlal Temel hak konusu olayları hangi sonuca bağlanmıştır?",train_kayit_0144_001,False,True,True,True,True,True
993,"AYM bireysel başvuru özetlerinde Mülkiyet hakkı ve mülkiyet, taşınmaz, tapu bağlamında KAYIT 0825 Karar sonucu İhlal Temel hak konusu olayları hangi sonuca bağlanmıştır?",train_kayit_0825_001,False,False,True,True,True,True
994,"AYM bireysel başvuru özetlerinde Adil yargılanma hakkı ve temyiz, yargılama, mahkeme bağlamında KAYIT 0013 Karar sonucu İhlal Temel hak konusu olayları hangi sonuca bağlanmıştır?",train_kayit_0013_001,False,False,True,True,True,True
995,"AYM bireysel başvuru özetlerinde İfade ve basın özgürlüğü ve propaganda, yayın bağlamında KAYIT 0446 Karar sonucu İhlal Temel hak konusu olayları hangi sonuca bağlanmıştır?",train_kayit_0446_001,False,True,True,True,True,True
996,"AYM bireysel başvuru özetlerinde Mülkiyet hakkı ve kamulaştır, taşınmaz, tapu bağlamında KAYIT 0714 Karar sonucu İhlal Temel hak konusu olayları hangi sonuca bağlanmıştır?",train_kayit_0714_001,False,False,True,True,True,True
997,AYM bireysel başvuru özetlerinde Toplantı ve örgütlenme özgürlüğü ve gösteri bağlamında KAYIT 0425 Karar sonucu İhlal Temel hak konusu olayları hangi sonuca bağlanmıştır?,train_kayit_0425_001,False,False,False,False,False,False
998,"AYM bireysel başvuru özetlerinde Adil yargılanma hakkı ve temyiz, yargılama, mahkeme bağlamında KAYIT 0641 Karar sonucu İhlal Temel hak konusu olayları hangi sonuca bağlanmıştır?",train_kayit_0641_001,False,False,True,True,True,True
999,"AYM bireysel başvuru özetlerinde Adil yargılanma hakkı ve mahkemeye erişim, temyiz, istinaf bağlamında KAYIT 0165 Karar sonucu İhlal Temel hak konusu olayları hangi sonuca bağlanmıştır?",train_kayit_0165_001,False,True,True,True,True,True
